Strain_ID,name,value,Target,Source,Interaction,Media,InteractionType,LineWeights
RDP22,SH11,-10,RDP22,SH11,-10,KB,inhibition,3
BM7,RDH1,-10,BM7,RDH1,-10,KB,inhibition,3
BM12,PAO1,-10,BM12,PAO1,-10,KB,inhibition,3
BM12,Pf5,-10,BM12,Pf5,-10,KB,inhibition,3
BM12,RPA1,-10,BM12,RPA1,-10,KB,inhibition,3
BM23,RPA1,-10,BM23,RPA1,-10,KB,inhibition,3
BM23,RP5C,-10,BM23,RP5C,-10,KB,inhibition,3
BM23,BM21,-10,BM23,BM21,-10,KB,inhibition,3
BM23,RCH25,-10,BM23,RCH25,-10,KB,inhibition,3
RCH3,SH11,-10,RCH3,SH11,-10,KB,inhibition,3
RP5C,BM17,-10,RP5C,BM17,-10,KB,inhibition,3
RDH20,E5,-10,RDH20,E5,-10,KB,inhibition,3
RCH20P,SH11,-10,RCH20P,SH11,-10,KB,inhibition,3
R1,E5,-10,R1,E5,-10,KB,inhibition,3
R1,Pf5,-10,R1,Pf5,-10,KB,inhibition,3
BM13,RDH1,-10,BM13,RDH1,-10,KB,inhibition,3
BM1,E5,-10,BM1,E5,-10,KB,inhibition,3
SCH4,E5,-10,SCH4,E5,-10,KB,inhibition,3
RDH6,E5,-10,RDH6,E5,-10,KB,inhibition,3
RDH6,PAO1,-10,RDH6,PAO1,-10,KB,inhibition,3
RDH6,Pf5,-10,RDH6,Pf5,-10,KB,inhibition,3
RDH6,RPA1,-10,RDH6,RPA1,-10,KB,inhibition,3
RP5H,E5,-10,RP5H,E5,-10,KB,inhibition,3
RP5H,PAO1,-10,RP5H,PAO1,-10,KB,inhibition,3
RP5H,Pf5,-10,RP5H,Pf5,-10,KB,inhibition,3
RP5H,SH11,-10,RP5H,SH11,-10,KB,inhibition,3
RP5H,RCH20P,-10,RP5H,RCH20P,-10,KB,inhibition,3
RP5H,RDH1,-10,RP5H,RDH1,-10,KB,inhibition,3
Z2,PF5,-10,Z2,PF5,-10,KB + FeCl3,inhibition,3
R23,PF5,-10,R23,PF5,-10,KB + FeCl3,inhibition,3
RP5H,E5,-10,RP5H,E5,-10,KB + FeCl3,inhibition,3
RP5H,PAO1,-10,RP5H,PAO1,-10,KB + FeCl3,inhibition,3
RP5H,PF5,-10,RP5H,PF5,-10,KB + FeCl3,inhibition,3
Z2,Pf5,-9,Z2,Pf5,-9,KB,inhibition,2.8
SCH24,RP5C,-9,SCH24,RP5C,-9,KB,inhibition,2.8
RDH6,E5,-9,RDH6,E5,-9,KB + FeCl3,inhibition,2.8
BM7,Pf5,-8,BM7,Pf5,-8,KB,inhibition,2.6
BM12,RDP27,-8,BM12,RDP27,-8,KB,inhibition,2.6
BM12,E5,-8,BM12,E5,-8,KB,inhibition,2.6
BM12,RPE1_RP5,-8,BM12,RPE1_RP5,-8,KB,inhibition,2.6
R23,PAO1,-8,R23,PAO1,-8,KB,inhibition,2.6
E15,BM21,-8,E15,BM21,-8,KB,inhibition,2.6
E15,RCH25,-8,E15,RCH25,-8,KB,inhibition,2.6
BM23,RPE1_RP5,-8,BM23,RPE1_RP5,-8,KB,inhibition,2.6
RCH3,Pf5,-8,RCH3,Pf5,-8,KB,inhibition,2.6
RP5C,SH11,-8,RP5C,SH11,-8,KB,inhibition,2.6
R1,PAO1,-8,R1,PAO1,-8,KB,inhibition,2.6
RDH1,SH11,-8,RDH1,SH11,-8,KB,inhibition,2.6
BM13,E5,-8,BM13,E5,-8,KB,inhibition,2.6
BM13,SCH24,-8,BM13,SCH24,-8,KB,inhibition,2.6
BM13,SH11,-8,BM13,SH11,-8,KB,inhibition,2.6
BM1,PAO1,-8,BM1,PAO1,-8,KB,inhibition,2.6
BM1,Pf5,-8,BM1,Pf5,-8,KB,inhibition,2.6
SCH4,SCH24,-8,SCH4,SCH24,-8,KB,inhibition,2.6
RDH6,SCH24,-8,RDH6,SCH24,-8,KB,inhibition,2.6
RP5H,SCH24,-8,RP5H,SCH24,-8,KB,inhibition,2.6
Z2,E5,-8,Z2,E5,-8,KB + FeCl3,inhibition,2.6
BM1,PF5,-8,BM1,PF5,-8,KB + FeCl3,inhibition,2.6
SCH4,PAO1,-8,SCH4,PAO1,-8,KB + FeCl3,inhibition,2.6
SCH4,PF5,-8,SCH4,PF5,-8,KB + FeCl3,inhibition,2.6
BM12,E5,-8,BM12,E5,-8,KB + FeCl3,inhibition,2.6
BM12,RPE1,-8,BM12,RPE1,-8,KB + FeCl3,inhibition,2.6
R23,PAO1,-8,R23,PAO1,-8,KB + FeCl3,inhibition,2.6
BM7,KT2442,-7,BM7,KT2442,-7,KB,inhibition,2.4
BM7,RPE1_RP5,-7,BM7,RPE1_RP5,-7,KB,inhibition,2.4
BM7,PAO1,-7,BM7,PAO1,-7,KB,inhibition,2.4
BM12,KT2442,-7,BM12,KT2442,-7,KB,inhibition,2.4
R23,Pf5,-7,R23,Pf5,-7,KB,inhibition,2.4
BM23,KT2442,-7,BM23,KT2442,-7,KB,inhibition,2.4
BM23,RDP27,-7,BM23,RDP27,-7,KB,inhibition,2.4
BM23,E5,-7,BM23,E5,-7,KB,inhibition,2.4
BM23,Pf5,-7,BM23,Pf5,-7,KB,inhibition,2.4
Z2,E5,-7,Z2,E5,-7,KB,inhibition,2.4
RP5C,RPE1_RP5,-7,RP5C,RPE1_RP5,-7,KB,inhibition,2.4
RDH20,RDP27,-7,RDH20,RDP27,-7,KB,inhibition,2.4
SCH24,BM21,-7,SCH24,BM21,-7,KB,inhibition,2.4
RDH1,PAO1,-7,RDH1,PAO1,-7,KB,inhibition,2.4
RDH1,Pf5,-7,RDH1,Pf5,-7,KB,inhibition,2.4
BM1,RPE1_RP5,-7,BM1,RPE1_RP5,-7,KB,inhibition,2.4
SCH11,RDH1,-7,SCH11,RDH1,-7,KB,inhibition,2.4
R1,E5,-7,R1,E5,-7,KB + FeCl3,inhibition,2.4
BM1,E5,-7,BM1,E5,-7,KB + FeCl3,inhibition,2.4
RDH6,PAO1,-7,RDH6,PAO1,-7,KB + FeCl3,inhibition,2.4
RDH6,PF5,-7,RDH6,PF5,-7,KB + FeCl3,inhibition,2.4
BM7,E5,-6,BM7,E5,-6,KB,inhibition,2.2
R23,E5,-6,R23,E5,-6,KB,inhibition,2.2
R23,RPE1_RP5,-6,R23,RPE1_RP5,-6,KB,inhibition,2.2
R23,RPA1,-6,R23,RPA1,-6,KB,inhibition,2.2
R23,BM17,-6,R23,BM17,-6,KB,inhibition,2.2
R23,E15,-6,R23,E15,-6,KB,inhibition,2.2
R23,BM21,-6,R23,BM21,-6,KB,inhibition,2.2
R23,RCH25,-6,R23,RCH25,-6,KB,inhibition,2.2
E15,KT2442,-6,E15,KT2442,-6,KB,inhibition,2.2
BM23,PAO1,-6,BM23,PAO1,-6,KB,inhibition,2.2
SCH24,RCH25,-6,SCH24,RCH25,-6,KB,inhibition,2.2
RDH1,BM21,-6,RDH1,BM21,-6,KB,inhibition,2.2
RDH1,RCH25,-6,RDH1,RCH25,-6,KB,inhibition,2.2
SCH4,PAO1,-6,SCH4,PAO1,-6,KB,inhibition,2.2
RP5H,RPE1_RP5,-6,RP5H,RPE1_RP5,-6,KB,inhibition,2.2
RP5H,BM21,-6,RP5H,BM21,-6,KB,inhibition,2.2
RP5H,RCH25,-6,RP5H,RCH25,-6,KB,inhibition,2.2
R1,PF5,-6,R1,PF5,-6,KB + FeCl3,inhibition,2.2
BM13,E5,-6,BM13,E5,-6,KB + FeCl3,inhibition,2.2
BM13,PAO1,-6,BM13,PAO1,-6,KB + FeCl3,inhibition,2.2
BM13,PF5,-6,BM13,PF5,-6,KB + FeCl3,inhibition,2.2
BM7,RPE1,-6,BM7,RPE1,-6,KB + FeCl3,inhibition,2.2
SCH11,KT2442,-6,SCH11,KT2442,-6,KB + FeCl3,inhibition,2.2
RDP22,SCH24,-5,RDP22,SCH24,-5,KB,inhibition,2
RDP22,RDH1,-5,RDP22,RDH1,-5,KB,inhibition,2
RDP27,SH11,-5,RDP27,SH11,-5,KB,inhibition,2
RPE1_RP5,RDP27,-5,RPE1_RP5,RDP27,-5,KB,inhibition,2
BM12,RCH25,-5,BM12,RCH25,-5,KB,inhibition,2
R23,RDP27,-5,R23,RDP27,-5,KB,inhibition,2
S20,E5,-5,S20,E5,-5,KB,inhibition,2
Z2,RPE1_RP5,-5,Z2,RPE1_RP5,-5,KB,inhibition,2
RP5C,E5,-5,RP5C,E5,-5,KB,inhibition,2
SCH24,KT2442,-5,SCH24,KT2442,-5,KB,inhibition,2
SCH24,E5,-5,SCH24,E5,-5,KB,inhibition,2
SCH24,PAO1,-5,SCH24,PAO1,-5,KB,inhibition,2
SCH24,BM7,-5,SCH24,BM7,-5,KB,inhibition,2
SCH24,SH11,-5,SCH24,SH11,-5,KB,inhibition,2
RCH20P,RDP27,-5,RCH20P,RDP27,-5,KB,inhibition,2
RCH20P,BM21,-5,RCH20P,BM21,-5,KB,inhibition,2
RCH20P,RCH25,-5,RCH20P,RCH25,-5,KB,inhibition,2
BM16,E5,-5,BM16,E5,-5,KB,inhibition,2
BM16,SH11,-5,BM16,SH11,-5,KB,inhibition,2
R1,RCH25,-5,R1,RCH25,-5,KB,inhibition,2
R1,SCH24,-5,R1,SCH24,-5,KB,inhibition,2
RDH1,KT2442,-5,RDH1,KT2442,-5,KB,inhibition,2
RDH1,E5,-5,RDH1,E5,-5,KB,inhibition,2
RDH1,SCH11,-5,RDH1,SCH11,-5,KB,inhibition,2
BM13,PAO1,-5,BM13,PAO1,-5,KB,inhibition,2
BM13,Pf5,-5,BM13,Pf5,-5,KB,inhibition,2
BM13,RCH20P,-5,BM13,RCH20P,-5,KB,inhibition,2
BM1,RDP22,-5,BM1,RDP22,-5,KB,inhibition,2
SCH4,RPE1_RP5,-5,SCH4,RPE1_RP5,-5,KB,inhibition,2
SCH4,Pf5,-5,SCH4,Pf5,-5,KB,inhibition,2
SCH4,BM21,-5,SCH4,BM21,-5,KB,inhibition,2
SCH4,RCH25,-5,SCH4,RCH25,-5,KB,inhibition,2
SCH4,SH11,-5,SCH4,SH11,-5,KB,inhibition,2
RDH6,KT2442,-5,RDH6,KT2442,-5,KB,inhibition,2
RDH6,SH11,-5,RDH6,SH11,-5,KB,inhibition,2
SCH11,KT2442,-5,SCH11,KT2442,-5,KB,inhibition,2
SCH11,RPE1_RP5,-5,SCH11,RPE1_RP5,-5,KB,inhibition,2
SCH11,PAO1,-5,SCH11,PAO1,-5,KB,inhibition,2
SCH11,Pf5,-5,SCH11,Pf5,-5,KB,inhibition,2
BM17,E5,-5,BM17,E5,-5,KB + FeCl3,inhibition,2
E15,RDP27,-5,E15,RDP27,-5,KB + FeCl3,inhibition,2
BM23,E5,-5,BM23,E5,-5,KB + FeCl3,inhibition,2
BM23,RPE1,-5,BM23,RPE1,-5,KB + FeCl3,inhibition,2
BM1,PAO1,-5,BM1,PAO1,-5,KB + FeCl3,inhibition,2
BM7,E5,-5,BM7,E5,-5,KB + FeCl3,inhibition,2
BM7,PAO1,-5,BM7,PAO1,-5,KB + FeCl3,inhibition,2
BM7,PF5,-5,BM7,PF5,-5,KB + FeCl3,inhibition,2
R23,KT2442,-5,R23,KT2442,-5,KB + FeCl3,inhibition,2
R23,RPE1,-5,R23,RPE1,-5,KB + FeCl3,inhibition,2
RDP22,PF5,-5,RDP22,PF5,-5,KB + FeCl3,inhibition,2
SCH11,RPE1,-5,SCH11,RPE1,-5,KB + FeCl3,inhibition,2
SCH11,PAO1,-5,SCH11,PAO1,-5,KB + FeCl3,inhibition,2
SCH11,PF5,-5,SCH11,PF5,-5,KB + FeCl3,inhibition,2
RDP22,KT2442,-4,RDP22,KT2442,-4,KB,inhibition,1.8
BM12,BM23,-4,BM12,BM23,-4,KB,inhibition,1.8
R23,RP5C,-4,R23,RP5C,-4,KB,inhibition,1.8
S20,PAO1,-4,S20,PAO1,-4,KB,inhibition,1.8
S20,Pf5,-4,S20,Pf5,-4,KB,inhibition,1.8
BM17,KT2442,-4,BM17,KT2442,-4,KB,inhibition,1.8
BM17,PAO1,-4,BM17,PAO1,-4,KB,inhibition,1.8
BM17,Pf5,-4,BM17,Pf5,-4,KB,inhibition,1.8
BM17,E15,-4,BM17,E15,-4,KB,inhibition,1.8
BM17,BM23,-4,BM17,BM23,-4,KB,inhibition,1.8
BM17,BM21,-4,BM17,BM21,-4,KB,inhibition,1.8
E15,BM23,-4,E15,BM23,-4,KB,inhibition,1.8
E4,SCH24,-4,E4,SCH24,-4,KB,inhibition,1.8
Z2,PAO1,-4,Z2,PAO1,-4,KB,inhibition,1.8
RP5C,PAO1,-4,RP5C,PAO1,-4,KB,inhibition,1.8
RP5C,Pf5,-4,RP5C,Pf5,-4,KB,inhibition,1.8
RP5C,BM21,-4,RP5C,BM21,-4,KB,inhibition,1.8
RP5C,RCH25,-4,RP5C,RCH25,-4,KB,inhibition,1.8
BM21,RCH25,-4,BM21,RCH25,-4,KB,inhibition,1.8
RCH25,BM21,-4,RCH25,BM21,-4,KB,inhibition,1.8
RDH20,BM21,-4,RDH20,BM21,-4,KB,inhibition,1.8
RDH20,RCH25,-4,RDH20,RCH25,-4,KB,inhibition,1.8
SCH24,Pf5,-4,SCH24,Pf5,-4,KB,inhibition,1.8
RCH20P,E5,-4,RCH20P,E5,-4,KB,inhibition,1.8
RCH20P,PAO1,-4,RCH20P,PAO1,-4,KB,inhibition,1.8
RCH20P,Pf5,-4,RCH20P,Pf5,-4,KB,inhibition,1.8
BM16,RDP27,-4,BM16,RDP27,-4,KB,inhibition,1.8
BM16,PAO1,-4,BM16,PAO1,-4,KB,inhibition,1.8
BM16,Pf5,-4,BM16,Pf5,-4,KB,inhibition,1.8
R1,RPE1_RP5,-4,R1,RPE1_RP5,-4,KB,inhibition,1.8
R1,BM21,-4,R1,BM21,-4,KB,inhibition,1.8
R1,SH11,-4,R1,SH11,-4,KB,inhibition,1.8
RDH1,RDP27,-4,RDH1,RDP27,-4,KB,inhibition,1.8
RDH1,RPE1_RP5,-4,RDH1,RPE1_RP5,-4,KB,inhibition,1.8
SCH4,RCH20P,-4,SCH4,RCH20P,-4,KB,inhibition,1.8
RDH6,RPE1_RP5,-4,RDH6,RPE1_RP5,-4,KB,inhibition,1.8
RP5H,RDP27,-4,RP5H,RDP27,-4,KB,inhibition,1.8
RP5H,BM13,-4,RP5H,BM13,-4,KB,inhibition,1.8
RP5H,RDH6,-4,RP5H,RDH6,-4,KB,inhibition,1.8
SCH11,E5,-4,SCH11,E5,-4,KB,inhibition,1.8
BM16,PF5,-4,BM16,PF5,-4,KB + FeCl3,inhibition,1.8
BM23,KT2442,-4,BM23,KT2442,-4,KB + FeCl3,inhibition,1.8
BM23,RDP27,-4,BM23,RDP27,-4,KB + FeCl3,inhibition,1.8
Z2,RDP27,-4,Z2,RDP27,-4,KB + FeCl3,inhibition,1.8
Z2,PAO1,-4,Z2,PAO1,-4,KB + FeCl3,inhibition,1.8
RP5C,PAO1,-4,RP5C,PAO1,-4,KB + FeCl3,inhibition,1.8
RP5C,PF5,-4,RP5C,PF5,-4,KB + FeCl3,inhibition,1.8
SCH24,E5,-4,SCH24,E5,-4,KB + FeCl3,inhibition,1.8
SCH24,PAO1,-4,SCH24,PAO1,-4,KB + FeCl3,inhibition,1.8
SCH24,PF5,-4,SCH24,PF5,-4,KB + FeCl3,inhibition,1.8
SCH4,RDP27,-4,SCH4,RDP27,-4,KB + FeCl3,inhibition,1.8
BM12,KT2442,-4,BM12,KT2442,-4,KB + FeCl3,inhibition,1.8
BM12,RDP27,-4,BM12,RDP27,-4,KB + FeCl3,inhibition,1.8
BM12,PAO1,-4,BM12,PAO1,-4,KB + FeCl3,inhibition,1.8
BM12,PF5,-4,BM12,PF5,-4,KB + FeCl3,inhibition,1.8
R23,E5,-4,R23,E5,-4,KB + FeCl3,inhibition,1.8
RDP22,PAO1,-4,RDP22,PAO1,-4,KB + FeCl3,inhibition,1.8
SCH11,RDP27,-4,SCH11,RDP27,-4,KB + FeCl3,inhibition,1.8
SCH11,E5,-4,SCH11,E5,-4,KB + FeCl3,inhibition,1.8
RDP27,KT2442,-3,RDP27,KT2442,-3,KB,inhibition,1.6
RDP27,SCH24,-3,RDP27,SCH24,-3,KB,inhibition,1.6
E5,RCH25,-3,E5,RCH25,-3,KB,inhibition,1.6
RPE1_RP5,E5,-3,RPE1_RP5,E5,-3,KB,inhibition,1.6
PAO1,KT2442,-3,PAO1,KT2442,-3,KB,inhibition,1.6
PAO1,BM21,-3,PAO1,BM21,-3,KB,inhibition,1.6
PAO1,RCH25,-3,PAO1,RCH25,-3,KB,inhibition,1.6
Pf5,RDP27,-3,Pf5,RDP27,-3,KB,inhibition,1.6
Pf5,E5,-3,Pf5,E5,-3,KB,inhibition,1.6
Pf5,RPE1_RP5,-3,Pf5,RPE1_RP5,-3,KB,inhibition,1.6
RPA1,PAO1,-3,RPA1,PAO1,-3,KB,inhibition,1.6
BM7,RDP22,-3,BM7,RDP22,-3,KB,inhibition,1.6
BM7,RPA1,-3,BM7,RPA1,-3,KB,inhibition,1.6
BM7,BM23,-3,BM7,BM23,-3,KB,inhibition,1.6
BM7,RDH6,-3,BM7,RDH6,-3,KB,inhibition,1.6
BM7,SCH11,-3,BM7,SCH11,-3,KB,inhibition,1.6
BM12,RDP22,-3,BM12,RDP22,-3,KB,inhibition,1.6
BM12,BM21,-3,BM12,BM21,-3,KB,inhibition,1.6
BM25,E5,-3,BM25,E5,-3,KB,inhibition,1.6
BM25,PAO1,-3,BM25,PAO1,-3,KB,inhibition,1.6
R23,KT2442,-3,R23,KT2442,-3,KB,inhibition,1.6
R23,SH11,-3,R23,SH11,-3,KB,inhibition,1.6
R23,R1,-3,R23,R1,-3,KB,inhibition,1.6
R23,RDH6,-3,R23,RDH6,-3,KB,inhibition,1.6
S20,RPE1_RP5,-3,S20,RPE1_RP5,-3,KB,inhibition,1.6
S20,RP5C,-3,S20,RP5C,-3,KB,inhibition,1.6
S20,SH11,-3,S20,SH11,-3,KB,inhibition,1.6
BM17,RDP22,-3,BM17,RDP22,-3,KB,inhibition,1.6
BM17,RDP27,-3,BM17,RDP27,-3,KB,inhibition,1.6
BM17,E5,-3,BM17,E5,-3,KB,inhibition,1.6
BM17,RPE1_RP5,-3,BM17,RPE1_RP5,-3,KB,inhibition,1.6
BM17,SCH4,-3,BM17,SCH4,-3,KB,inhibition,1.6
E15,RDP27,-3,E15,RDP27,-3,KB,inhibition,1.6
E15,E5,-3,E15,E5,-3,KB,inhibition,1.6
BM23,RDP22,-3,BM23,RDP22,-3,KB,inhibition,1.6
BM23,BM25,-3,BM23,BM25,-3,KB,inhibition,1.6
BM23,BM17,-3,BM23,BM17,-3,KB,inhibition,1.6
BM23,E4,-3,BM23,E4,-3,KB,inhibition,1.6
BM23,SCH24,-3,BM23,SCH24,-3,KB,inhibition,1.6
Z2,KT2442,-3,Z2,KT2442,-3,KB,inhibition,1.6
Z2,BM21,-3,Z2,BM21,-3,KB,inhibition,1.6
Z2,RCH25,-3,Z2,RCH25,-3,KB,inhibition,1.6
RCH3,KT2442,-3,RCH3,KT2442,-3,KB,inhibition,1.6
RCH3,E5,-3,RCH3,E5,-3,KB,inhibition,1.6
RCH3,RPE1_RP5,-3,RCH3,RPE1_RP5,-3,KB,inhibition,1.6
RCH3,PAO1,-3,RCH3,PAO1,-3,KB,inhibition,1.6
RCH3,Z2,-3,RCH3,Z2,-3,KB,inhibition,1.6
RCH3,RCH25,-3,RCH3,RCH25,-3,KB,inhibition,1.6
RP5C,RCH3,-3,RP5C,RCH3,-3,KB,inhibition,1.6
RDH20,RDP22,-3,RDH20,RDP22,-3,KB,inhibition,1.6
RDH20,PAO1,-3,RDH20,PAO1,-3,KB,inhibition,1.6
RDH20,Pf5,-3,RDH20,Pf5,-3,KB,inhibition,1.6
SCH24,SCH11,-3,SCH24,SCH11,-3,KB,inhibition,1.6
RCH20P,KT2442,-3,RCH20P,KT2442,-3,KB,inhibition,1.6
BM16,KT2442,-3,BM16,KT2442,-3,KB,inhibition,1.6
BM16,BM21,-3,BM16,BM21,-3,KB,inhibition,1.6
BM16,RDH1,-3,BM16,RDH1,-3,KB,inhibition,1.6
R1,RDP27,-3,R1,RDP27,-3,KB,inhibition,1.6
R1,RCH20P,-3,R1,RCH20P,-3,KB,inhibition,1.6
R1,RDH1,-3,R1,RDH1,-3,KB,inhibition,1.6
BM13,KT2442,-3,BM13,KT2442,-3,KB,inhibition,1.6
BM13,RPE1_RP5,-3,BM13,RPE1_RP5,-3,KB,inhibition,1.6
BM13,BM25,-3,BM13,BM25,-3,KB,inhibition,1.6
BM13,BM21,-3,BM13,BM21,-3,KB,inhibition,1.6
BM13,RCH25,-3,BM13,RCH25,-3,KB,inhibition,1.6
BM1,SCH24,-3,BM1,SCH24,-3,KB,inhibition,1.6
BM1,SH11,-3,BM1,SH11,-3,KB,inhibition,1.6
BM1,RDH1,-3,BM1,RDH1,-3,KB,inhibition,1.6
SCH4,KT2442,-3,SCH4,KT2442,-3,KB,inhibition,1.6
SCH4,RDP27,-3,SCH4,RDP27,-3,KB,inhibition,1.6
SCH4,RP5C,-3,SCH4,RP5C,-3,KB,inhibition,1.6
SCH4,RDH1,-3,SCH4,RDH1,-3,KB,inhibition,1.6
RDH6,RDH1,-3,RDH6,RDH1,-3,KB,inhibition,1.6
RP5H,RP5C,-3,RP5H,RP5C,-3,KB,inhibition,1.6
RP5H,RDH20,-3,RP5H,RDH20,-3,KB,inhibition,1.6
RP5H,RDH25,-3,RP5H,RDH25,-3,KB,inhibition,1.6
RP5H,R1,-3,RP5H,R1,-3,KB,inhibition,1.6
SCH11,RDP27,-3,SCH11,RDP27,-3,KB,inhibition,1.6
SCH11,SH11,-3,SCH11,SH11,-3,KB,inhibition,1.6
RCH20P,PF5,-3,RCH20P,PF5,-3,KB + FeCl3,inhibition,1.6
BM17,RDP27,-3,BM17,RDP27,-3,KB + FeCl3,inhibition,1.6
BM17,RPE1,-3,BM17,RPE1,-3,KB + FeCl3,inhibition,1.6
BM23,PAO1,-3,BM23,PAO1,-3,KB + FeCl3,inhibition,1.6
BM23,PF5,-3,BM23,PF5,-3,KB + FeCl3,inhibition,1.6
Z2,RPE1,-3,Z2,RPE1,-3,KB + FeCl3,inhibition,1.6
RCH3,RDP27,-3,RCH3,RDP27,-3,KB + FeCl3,inhibition,1.6
RCH3,E5,-3,RCH3,E5,-3,KB + FeCl3,inhibition,1.6
RDH20,PAO1,-3,RDH20,PAO1,-3,KB + FeCl3,inhibition,1.6
RDH20,PF5,-3,RDH20,PF5,-3,KB + FeCl3,inhibition,1.6
S20,RPE1,-3,S20,RPE1,-3,KB + FeCl3,inhibition,1.6
S20,PAO1,-3,S20,PAO1,-3,KB + FeCl3,inhibition,1.6
S20,PF5,-3,S20,PF5,-3,KB + FeCl3,inhibition,1.6
RP5H,RDP22,-3,RP5H,RDP22,-3,KB + FeCl3,inhibition,1.6
KT2442,E5,-2,KT2442,E5,-2,KB,inhibition,1.4
KT2442,PAO1,-2,KT2442,PAO1,-2,KB,inhibition,1.4
KT2442,Pf5,-2,KT2442,Pf5,-2,KB,inhibition,1.4
KT2442,SCH24,-2,KT2442,SCH24,-2,KB,inhibition,1.4
KT2442,SH11,-2,KT2442,SH11,-2,KB,inhibition,1.4
RDP22,E15,-2,RDP22,E15,-2,KB,inhibition,1.4
RDP22,E4,-2,RDP22,E4,-2,KB,inhibition,1.4
RDP27,BM25,-2,RDP27,BM25,-2,KB,inhibition,1.4
RDP27,E4,-2,RDP27,E4,-2,KB,inhibition,1.4
RDP27,RP5C,-2,RDP27,RP5C,-2,KB,inhibition,1.4
RDP27,RDH6,-2,RDP27,RDH6,-2,KB,inhibition,1.4
E5,KT2442,-2,E5,KT2442,-2,KB,inhibition,1.4
E5,BM21,-2,E5,BM21,-2,KB,inhibition,1.4
E5,RDH6,-2,E5,RDH6,-2,KB,inhibition,1.4
RPE1_RP5,KT2442,-2,RPE1_RP5,KT2442,-2,KB,inhibition,1.4
RPE1_RP5,BM21,-2,RPE1_RP5,BM21,-2,KB,inhibition,1.4
RPE1_RP5,RCH25,-2,RPE1_RP5,RCH25,-2,KB,inhibition,1.4
PAO1,RDP27,-2,PAO1,RDP27,-2,KB,inhibition,1.4
PAO1,E5,-2,PAO1,E5,-2,KB,inhibition,1.4
PAO1,RPE1_RP5,-2,PAO1,RPE1_RP5,-2,KB,inhibition,1.4
Pf5,KT2442,-2,Pf5,KT2442,-2,KB,inhibition,1.4
Pf5,BM21,-2,Pf5,BM21,-2,KB,inhibition,1.4
Pf5,RCH25,-2,Pf5,RCH25,-2,KB,inhibition,1.4
RPA1,RDP27,-2,RPA1,RDP27,-2,KB,inhibition,1.4
RPA1,E5,-2,RPA1,E5,-2,KB,inhibition,1.4
RPA1,Pf5,-2,RPA1,Pf5,-2,KB,inhibition,1.4
RPA1,E4,-2,RPA1,E4,-2,KB,inhibition,1.4
RPA1,RCH25,-2,RPA1,RCH25,-2,KB,inhibition,1.4
BM7,BM25,-2,BM7,BM25,-2,KB,inhibition,1.4
BM7,BM17,-2,BM7,BM17,-2,KB,inhibition,1.4
BM7,E15,-2,BM7,E15,-2,KB,inhibition,1.4
BM7,E4,-2,BM7,E4,-2,KB,inhibition,1.4
BM7,RP5C,-2,BM7,RP5C,-2,KB,inhibition,1.4
BM7,SH11,-2,BM7,SH11,-2,KB,inhibition,1.4
BM7,RCH20P,-2,BM7,RCH20P,-2,KB,inhibition,1.4
BM7,SCH4,-2,BM7,SCH4,-2,KB,inhibition,1.4
BM12,E15,-2,BM12,E15,-2,KB,inhibition,1.4
BM12,E4,-2,BM12,E4,-2,KB,inhibition,1.4
BM12,RP5C,-2,BM12,RP5C,-2,KB,inhibition,1.4
BM12,SH11,-2,BM12,SH11,-2,KB,inhibition,1.4
BM25,RPE1_RP5,-2,BM25,RPE1_RP5,-2,KB,inhibition,1.4
R23,S20,-2,R23,S20,-2,KB,inhibition,1.4
R23,BM16,-2,R23,BM16,-2,KB,inhibition,1.4
R23,RDH1,-2,R23,RDH1,-2,KB,inhibition,1.4
R23,SCH11,-2,R23,SCH11,-2,KB,inhibition,1.4
S20,KT2442,-2,S20,KT2442,-2,KB,inhibition,1.4
S20,BM17,-2,S20,BM17,-2,KB,inhibition,1.4
S20,E15,-2,S20,E15,-2,KB,inhibition,1.4
S20,BM21,-2,S20,BM21,-2,KB,inhibition,1.4
S20,RCH25,-2,S20,RCH25,-2,KB,inhibition,1.4
BM17,BM25,-2,BM17,BM25,-2,KB,inhibition,1.4
BM17,RCH25,-2,BM17,RCH25,-2,KB,inhibition,1.4
BM17,RDH6,-2,BM17,RDH6,-2,KB,inhibition,1.4
E15,PAO1,-2,E15,PAO1,-2,KB,inhibition,1.4
E15,Pf5,-2,E15,Pf5,-2,KB,inhibition,1.4
E15,RDH6,-2,E15,RDH6,-2,KB,inhibition,1.4
BM23,SH11,-2,BM23,SH11,-2,KB,inhibition,1.4
Z2,RPA1,-2,Z2,RPA1,-2,KB,inhibition,1.4
Z2,BM25,-2,Z2,BM25,-2,KB,inhibition,1.4
RCH3,BM25,-2,RCH3,BM25,-2,KB,inhibition,1.4
RCH3,BM21,-2,RCH3,BM21,-2,KB,inhibition,1.4
RCH3,R1,-2,RCH3,R1,-2,KB,inhibition,1.4
RP5C,E15,-2,RP5C,E15,-2,KB,inhibition,1.4
RP5C,SCH24,-2,RP5C,SCH24,-2,KB,inhibition,1.4
RP5C,R1,-2,RP5C,R1,-2,KB,inhibition,1.4
RP5C,RDH6,-2,RP5C,RDH6,-2,KB,inhibition,1.4
BM21,RDP27,-2,BM21,RDP27,-2,KB,inhibition,1.4
BM21,PAO1,-2,BM21,PAO1,-2,KB,inhibition,1.4
BM21,Pf5,-2,BM21,Pf5,-2,KB,inhibition,1.4
BM21,RDH6,-2,BM21,RDH6,-2,KB,inhibition,1.4
RCH25,RDP22,-2,RCH25,RDP22,-2,KB,inhibition,1.4
RCH25,RDP27,-2,RCH25,RDP27,-2,KB,inhibition,1.4
RCH25,E5,-2,RCH25,E5,-2,KB,inhibition,1.4
RCH25,RPE1_RP5,-2,RCH25,RPE1_RP5,-2,KB,inhibition,1.4
RCH25,PAO1,-2,RCH25,PAO1,-2,KB,inhibition,1.4
RCH25,Pf5,-2,RCH25,Pf5,-2,KB,inhibition,1.4
RDH20,SH11,-2,RDH20,SH11,-2,KB,inhibition,1.4
RDH25,KT2442,-2,RDH25,KT2442,-2,KB,inhibition,1.4
RDH25,PAO1,-2,RDH25,PAO1,-2,KB,inhibition,1.4
RDH25,Pf5,-2,RDH25,Pf5,-2,KB,inhibition,1.4
RDH25,RP5C,-2,RDH25,RP5C,-2,KB,inhibition,1.4
RDH25,SH11,-2,RDH25,SH11,-2,KB,inhibition,1.4
SCH24,E15,-2,SCH24,E15,-2,KB,inhibition,1.4
SCH24,RDH1,-2,SCH24,RDH1,-2,KB,inhibition,1.4
SH11,RDP27,-2,SH11,RDP27,-2,KB,inhibition,1.4
SH11,PAO1,-2,SH11,PAO1,-2,KB,inhibition,1.4
SH11,Pf5,-2,SH11,Pf5,-2,KB,inhibition,1.4
RCH20P,RDP22,-2,RCH20P,RDP22,-2,KB,inhibition,1.4
RCH20P,RPE1_RP5,-2,RCH20P,RPE1_RP5,-2,KB,inhibition,1.4
BM16,RDP22,-2,BM16,RDP22,-2,KB,inhibition,1.4
BM16,BM17,-2,BM16,BM17,-2,KB,inhibition,1.4
BM16,E15,-2,BM16,E15,-2,KB,inhibition,1.4
BM16,RP5C,-2,BM16,RP5C,-2,KB,inhibition,1.4
BM16,RCH25,-2,BM16,RCH25,-2,KB,inhibition,1.4
BM16,SCH24,-2,BM16,SCH24,-2,KB,inhibition,1.4
BM16,RCH20P,-2,BM16,RCH20P,-2,KB,inhibition,1.4
R1,BM17,-2,R1,BM17,-2,KB,inhibition,1.4
R1,E15,-2,R1,E15,-2,KB,inhibition,1.4
R1,RDH6,-2,R1,RDH6,-2,KB,inhibition,1.4
RDH1,RDP22,-2,RDH1,RDP22,-2,KB,inhibition,1.4
RDH1,RPA1,-2,RDH1,RPA1,-2,KB,inhibition,1.4
RDH1,SCH24,-2,RDH1,SCH24,-2,KB,inhibition,1.4
RDH1,RDH6,-2,RDH1,RDH6,-2,KB,inhibition,1.4
BM13,RDP22,-2,BM13,RDP22,-2,KB,inhibition,1.4
BM13,RDP27,-2,BM13,RDP27,-2,KB,inhibition,1.4
BM13,BM16,-2,BM13,BM16,-2,KB,inhibition,1.4
BM13,SCH4,-2,BM13,SCH4,-2,KB,inhibition,1.4
BM13,SCH11,-2,BM13,SCH11,-2,KB,inhibition,1.4
BM1,RPA1,-2,BM1,RPA1,-2,KB,inhibition,1.4
BM1,BM17,-2,BM1,BM17,-2,KB,inhibition,1.4
SCH4,BM23,-2,SCH4,BM23,-2,KB,inhibition,1.4
RDH6,RDP27,-2,RDH6,RDP27,-2,KB,inhibition,1.4
RDH6,BM13,-2,RDH6,BM13,-2,KB,inhibition,1.4
RP5H,BM1,-2,RP5H,BM1,-2,KB,inhibition,1.4
SCH11,RDP22,-2,SCH11,RDP22,-2,KB,inhibition,1.4
SCH11,E4,-2,SCH11,E4,-2,KB,inhibition,1.4
SCH11,SCH24,-2,SCH11,SCH24,-2,KB,inhibition,1.4
RCH20P,E5,-2,RCH20P,E5,-2,KB + FeCl3,inhibition,1.4
RCH20P,PAO1,-2,RCH20P,PAO1,-2,KB + FeCl3,inhibition,1.4
BM16,E5,-2,BM16,E5,-2,KB + FeCl3,inhibition,1.4
BM16,PAO1,-2,BM16,PAO1,-2,KB + FeCl3,inhibition,1.4
R1,RPE1,-2,R1,RPE1,-2,KB + FeCl3,inhibition,1.4
R1,PAO1,-2,R1,PAO1,-2,KB + FeCl3,inhibition,1.4
RDH1,PAO1,-2,RDH1,PAO1,-2,KB + FeCl3,inhibition,1.4
RDH1,PF5,-2,RDH1,PF5,-2,KB + FeCl3,inhibition,1.4
RCH3,RPE1,-2,RCH3,RPE1,-2,KB + FeCl3,inhibition,1.4
RP5C,KT2442,-2,RP5C,KT2442,-2,KB + FeCl3,inhibition,1.4
RP5C,E5,-2,RP5C,E5,-2,KB + FeCl3,inhibition,1.4
BM21,PAO1,-2,BM21,PAO1,-2,KB + FeCl3,inhibition,1.4
BM21,PF5,-2,BM21,PF5,-2,KB + FeCl3,inhibition,1.4
RCH25,PAO1,-2,RCH25,PAO1,-2,KB + FeCl3,inhibition,1.4
RCH25,PF5,-2,RCH25,PF5,-2,KB + FeCl3,inhibition,1.4
RDH20,RDP22,-2,RDH20,RDP22,-2,KB + FeCl3,inhibition,1.4
RDH20,E5,-2,RDH20,E5,-2,KB + FeCl3,inhibition,1.4
RDH25,E5,-2,RDH25,E5,-2,KB + FeCl3,inhibition,1.4
RDH25,PAO1,-2,RDH25,PAO1,-2,KB + FeCl3,inhibition,1.4
RDH25,PF5,-2,RDH25,PF5,-2,KB + FeCl3,inhibition,1.4
BM1,RPE1,-2,BM1,RPE1,-2,KB + FeCl3,inhibition,1.4
SCH4,E5,-2,SCH4,E5,-2,KB + FeCl3,inhibition,1.4
BM25,PAO1,-2,BM25,PAO1,-2,KB + FeCl3,inhibition,1.4
BM25,PF5,-2,BM25,PF5,-2,KB + FeCl3,inhibition,1.4
R23,RDP27,-2,R23,RDP27,-2,KB + FeCl3,inhibition,1.4
S20,E5,-2,S20,E5,-2,KB + FeCl3,inhibition,1.4
RP5H,KT2442,-2,RP5H,KT2442,-2,KB + FeCl3,inhibition,1.4
RP5H,RPE1,-2,RP5H,RPE1,-2,KB + FeCl3,inhibition,1.4
KT2442,RDP27,-1,KT2442,RDP27,-1,KB,inhibition,1.2
RDP22,BM17,-1,RDP22,BM17,-1,KB,inhibition,1.2
E5,RPE1_RP5,-1,E5,RPE1_RP5,-1,KB,inhibition,1.2
E5,RPA1,-1,E5,RPA1,-1,KB,inhibition,1.2
PAO1,SH11,-1,PAO1,SH11,-1,KB,inhibition,1.2
PAO1,RDH6,-1,PAO1,RDH6,-1,KB,inhibition,1.2
RPA1,KT2442,-1,RPA1,KT2442,-1,KB,inhibition,1.2
RPA1,RP5C,-1,RPA1,RP5C,-1,KB,inhibition,1.2
RPA1,BM21,-1,RPA1,BM21,-1,KB,inhibition,1.2
RPA1,SH11,-1,RPA1,SH11,-1,KB,inhibition,1.2
BM7,RDP27,-1,BM7,RDP27,-1,KB,inhibition,1.2
BM7,Z2,-1,BM7,Z2,-1,KB,inhibition,1.2
BM7,RCH3,-1,BM7,RCH3,-1,KB,inhibition,1.2
BM7,RP5H,-1,BM7,RP5H,-1,KB,inhibition,1.2
BM12,SCH4,-1,BM12,SCH4,-1,KB,inhibition,1.2
R23,BM7,-1,R23,BM7,-1,KB,inhibition,1.2
R23,BM12,-1,R23,BM12,-1,KB,inhibition,1.2
R23,BM25,-1,R23,BM25,-1,KB,inhibition,1.2
R23,Z2,-1,R23,Z2,-1,KB,inhibition,1.2
R23,RCH3,-1,R23,RCH3,-1,KB,inhibition,1.2
R23,RCH20P,-1,R23,RCH20P,-1,KB,inhibition,1.2
S20,RDP27,-1,S20,RDP27,-1,KB,inhibition,1.2
S20,RPA1,-1,S20,RPA1,-1,KB,inhibition,1.2
S20,BM25,-1,S20,BM25,-1,KB,inhibition,1.2
S20,Z2,-1,S20,Z2,-1,KB,inhibition,1.2
S20,RCH3,-1,S20,RCH3,-1,KB,inhibition,1.2
S20,RDH20,-1,S20,RDH20,-1,KB,inhibition,1.2
S20,RDH25,-1,S20,RDH25,-1,KB,inhibition,1.2
S20,RCH20P,-1,S20,RCH20P,-1,KB,inhibition,1.2
S20,R1,-1,S20,R1,-1,KB,inhibition,1.2
S20,RDH1,-1,S20,RDH1,-1,KB,inhibition,1.2
S20,RDH6,-1,S20,RDH6,-1,KB,inhibition,1.2
S20,RP5H,-1,S20,RP5H,-1,KB,inhibition,1.2
BM17,E4,-1,BM17,E4,-1,KB,inhibition,1.2
BM17,SH11,-1,BM17,SH11,-1,KB,inhibition,1.2
E15,RPE1_RP5,-1,E15,RPE1_RP5,-1,KB,inhibition,1.2
E15,E4,-1,E15,E4,-1,KB,inhibition,1.2
BM23,RDH20,-1,BM23,RDH20,-1,KB,inhibition,1.2
BM23,RDH25,-1,BM23,RDH25,-1,KB,inhibition,1.2
BM23,RDH6,-1,BM23,RDH6,-1,KB,inhibition,1.2
BM23,RP5H,-1,BM23,RP5H,-1,KB,inhibition,1.2
E4,PAO1,-1,E4,PAO1,-1,KB,inhibition,1.2
E4,Pf5,-1,E4,Pf5,-1,KB,inhibition,1.2
Z2,RDP27,-1,Z2,RDP27,-1,KB,inhibition,1.2
Z2,RP5C,-1,Z2,RP5C,-1,KB,inhibition,1.2
Z2,RCH20P,-1,Z2,RCH20P,-1,KB,inhibition,1.2
Z2,RDH1,-1,Z2,RDH1,-1,KB,inhibition,1.2
Z2,RDH6,-1,Z2,RDH6,-1,KB,inhibition,1.2
RCH3,RDP27,-1,RCH3,RDP27,-1,KB,inhibition,1.2
RCH3,RPA1,-1,RCH3,RPA1,-1,KB,inhibition,1.2
RCH3,RDH6,-1,RCH3,RDH6,-1,KB,inhibition,1.2
RP5C,KT2442,-1,RP5C,KT2442,-1,KB,inhibition,1.2
RP5C,RDP27,-1,RP5C,RDP27,-1,KB,inhibition,1.2
RP5C,RCH20P,-1,RP5C,RCH20P,-1,KB,inhibition,1.2
RP5C,RDH1,-1,RP5C,RDH1,-1,KB,inhibition,1.2
BM21,KT2442,-1,BM21,KT2442,-1,KB,inhibition,1.2
BM21,RDP22,-1,BM21,RDP22,-1,KB,inhibition,1.2
BM21,E5,-1,BM21,E5,-1,KB,inhibition,1.2
BM21,RPE1_RP5,-1,BM21,RPE1_RP5,-1,KB,inhibition,1.2
RCH25,KT2442,-1,RCH25,KT2442,-1,KB,inhibition,1.2
RDH20,KT2442,-1,RDH20,KT2442,-1,KB,inhibition,1.2
RDH20,RDH25,-1,RDH20,RDH25,-1,KB,inhibition,1.2
RDH20,SCH24,-1,RDH20,SCH24,-1,KB,inhibition,1.2
RDH20,BM13,-1,RDH20,BM13,-1,KB,inhibition,1.2
RDH20,RDH6,-1,RDH20,RDH6,-1,KB,inhibition,1.2
RDH20,SCH11,-1,RDH20,SCH11,-1,KB,inhibition,1.2
RDH25,E5,-1,RDH25,E5,-1,KB,inhibition,1.2
RDH25,SCH24,-1,RDH25,SCH24,-1,KB,inhibition,1.2
RDH25,SCH11,-1,RDH25,SCH11,-1,KB,inhibition,1.2
SH11,KT2442,-1,SH11,KT2442,-1,KB,inhibition,1.2
SH11,SCH24,-1,SH11,SCH24,-1,KB,inhibition,1.2
BM16,RPE1_RP5,-1,BM16,RPE1_RP5,-1,KB,inhibition,1.2
BM16,RPA1,-1,BM16,RPA1,-1,KB,inhibition,1.2
BM16,BM23,-1,BM16,BM23,-1,KB,inhibition,1.2
BM16,E4,-1,BM16,E4,-1,KB,inhibition,1.2
BM16,BM13,-1,BM16,BM13,-1,KB,inhibition,1.2
BM16,RDH6,-1,BM16,RDH6,-1,KB,inhibition,1.2
R1,RPA1,-1,R1,RPA1,-1,KB,inhibition,1.2
R1,BM13,-1,R1,BM13,-1,KB,inhibition,1.2
BM13,BM17,-1,BM13,BM17,-1,KB,inhibition,1.2
BM13,E15,-1,BM13,E15,-1,KB,inhibition,1.2
BM13,E4,-1,BM13,E4,-1,KB,inhibition,1.2
BM13,RP5C,-1,BM13,RP5C,-1,KB,inhibition,1.2
BM13,RDH20,-1,BM13,RDH20,-1,KB,inhibition,1.2
BM13,RDH25,-1,BM13,RDH25,-1,KB,inhibition,1.2
BM13,RDH6,-1,BM13,RDH6,-1,KB,inhibition,1.2
BM1,E4,-1,BM1,E4,-1,KB,inhibition,1.2
BM1,BM13,-1,BM1,BM13,-1,KB,inhibition,1.2
BM1,RDH6,-1,BM1,RDH6,-1,KB,inhibition,1.2
SCH4,RDP22,-1,SCH4,RDP22,-1,KB,inhibition,1.2
SCH4,BM17,-1,SCH4,BM17,-1,KB,inhibition,1.2
SCH4,BM13,-1,SCH4,BM13,-1,KB,inhibition,1.2
SCH4,RDH6,-1,SCH4,RDH6,-1,KB,inhibition,1.2
RDH6,RDP22,-1,RDH6,RDP22,-1,KB,inhibition,1.2
RP5H,KT2442,-1,RP5H,KT2442,-1,KB,inhibition,1.2
RP5H,BM16,-1,RP5H,BM16,-1,KB,inhibition,1.2
SCH11,RPA1,-1,SCH11,RPA1,-1,KB,inhibition,1.2
SCH11,BM25,-1,SCH11,BM25,-1,KB,inhibition,1.2
SCH11,RP5C,-1,SCH11,RP5C,-1,KB,inhibition,1.2
RCH20P,RDP27,-1,RCH20P,RDP27,-1,KB + FeCl3,inhibition,1.2
RDH1,RDP27,-1,RDH1,RDP27,-1,KB + FeCl3,inhibition,1.2
RDH1,E5,-1,RDH1,E5,-1,KB + FeCl3,inhibition,1.2
RDH1,RPE1,-1,RDH1,RPE1,-1,KB + FeCl3,inhibition,1.2
BM17,KT2442,-1,BM17,KT2442,-1,KB + FeCl3,inhibition,1.2
BM17,PAO1,-1,BM17,PAO1,-1,KB + FeCl3,inhibition,1.2
BM17,PF5,-1,BM17,PF5,-1,KB + FeCl3,inhibition,1.2
E15,PAO1,-1,E15,PAO1,-1,KB + FeCl3,inhibition,1.2
E15,PF5,-1,E15,PF5,-1,KB + FeCl3,inhibition,1.2
E4,PAO1,-1,E4,PAO1,-1,KB + FeCl3,inhibition,1.2
E4,PF5,-1,E4,PF5,-1,KB + FeCl3,inhibition,1.2
Z2,KT2442,-1,Z2,KT2442,-1,KB + FeCl3,inhibition,1.2
RDH20,RPE1,-1,RDH20,RPE1,-1,KB + FeCl3,inhibition,1.2
BM13,RPE1,-1,BM13,RPE1,-1,KB + FeCl3,inhibition,1.2
BM7,KT2442,-1,BM7,KT2442,-1,KB + FeCl3,inhibition,1.2
S20,KT2442,-1,S20,KT2442,-1,KB + FeCl3,inhibition,1.2
RPA1,RPE1,-1,RPA1,RPE1,-1,KB + FeCl3,inhibition,1.2
RPA1,PAO1,-1,RPA1,PAO1,-1,KB + FeCl3,inhibition,1.2
RPA1,PF5,-1,RPA1,PF5,-1,KB + FeCl3,inhibition,1.2
RDP22,RPE1,-1,RDP22,RPE1,-1,KB + FeCl3,inhibition,1.2
RDP27,PAO1,-1,RDP27,PAO1,-1,KB + FeCl3,inhibition,1.2
RDP27,PF5,-1,RDP27,PF5,-1,KB + FeCl3,inhibition,1.2
RP5H,RDP27,-1,RP5H,RDP27,-1,KB + FeCl3,inhibition,1.2
BM12,RDH20,1,BM12,RDH20,1,KB,stimulation,1.2
BM17,SCH11,1,BM17,SCH11,1,KB,stimulation,1.2
RP5C,RDH20,1,RP5C,RDH20,1,KB,stimulation,1.2
RP5C,RDH25,1,RP5C,RDH25,1,KB,stimulation,1.2
RDH20,BM12,1,RDH20,BM12,1,KB,stimulation,1.2
RDH20,BM25,1,RDH20,BM25,1,KB,stimulation,1.2
RDH25,BM12,1,RDH25,BM12,1,KB,stimulation,1.2
RDH25,R23,1,RDH25,R23,1,KB,stimulation,1.2
RDH25,S20,1,RDH25,S20,1,KB,stimulation,1.2
RDH25,Z2,1,RDH25,Z2,1,KB,stimulation,1.2
RDH25,RCH3,1,RDH25,RCH3,1,KB,stimulation,1.2
SCH24,RDP22,1,SCH24,RDP22,1,KB,stimulation,1.2
SCH24,Z2,1,SCH24,Z2,1,KB,stimulation,1.2
BM13,BM12,1,BM13,BM12,1,KB,stimulation,1.2
SCH4,BM25,1,SCH4,BM25,1,KB,stimulation,1.2
SCH4,S20,1,SCH4,S20,1,KB,stimulation,1.2
RDH6,S20,1,RDH6,S20,1,KB,stimulation,1.2
BM17,RDP22,1,BM17,RDP22,1,KB + FeCl3,stimulation,1.2
RDH20,RDP27,1,RDH20,RDP27,1,KB + FeCl3,stimulation,1.2
RDH25,RDP22,1,RDH25,RDP22,1,KB + FeCl3,stimulation,1.2
SCH4,RPE1,1,SCH4,RPE1,1,KB + FeCl3,stimulation,1.2
RPA1,RDP22,1,RPA1,RDP22,1,KB + FeCl3,stimulation,1.2
RDP22,BM1,2,RDP22,BM1,2,KB,stimulation,1.4
BM25,RDP22,2,BM25,RDP22,2,KB,stimulation,1.4
R23,RDH20,2,R23,RDH20,2,KB,stimulation,1.4
R23,RDH25,2,R23,RDH25,2,KB,stimulation,1.4
S20,RDP22,2,S20,RDP22,2,KB,stimulation,1.4
E15,SCH11,2,E15,SCH11,2,KB,stimulation,1.4
BM23,BM16,2,BM23,BM16,2,KB,stimulation,1.4
E4,RPE1_RP5,2,E4,RPE1_RP5,2,KB,stimulation,1.4
Z2,BM17,2,Z2,BM17,2,KB,stimulation,1.4
Z2,E15,2,Z2,E15,2,KB,stimulation,1.4
Z2,BM23,2,Z2,BM23,2,KB,stimulation,1.4
Z2,BM13,2,Z2,BM13,2,KB,stimulation,1.4
RCH3,RDH20,2,RCH3,RDH20,2,KB,stimulation,1.4
RCH3,RDH25,2,RCH3,RDH25,2,KB,stimulation,1.4
RP5C,BM13,2,RP5C,BM13,2,KB,stimulation,1.4
RCH25,RDH20,2,RCH25,RDH20,2,KB,stimulation,1.4
RCH25,RDH25,2,RCH25,RDH25,2,KB,stimulation,1.4
RDH25,RDP22,2,RDH25,RDP22,2,KB,stimulation,1.4
RDH25,BM21,2,RDH25,BM21,2,KB,stimulation,1.4
RDH25,RCH25,2,RDH25,RCH25,2,KB,stimulation,1.4
SCH24,R23,2,SCH24,R23,2,KB,stimulation,1.4
SCH24,S20,2,SCH24,S20,2,KB,stimulation,1.4
SCH24,E4,2,SCH24,E4,2,KB,stimulation,1.4
SCH24,RCH3,2,SCH24,RCH3,2,KB,stimulation,1.4
SCH24,RDH6,2,SCH24,RDH6,2,KB,stimulation,1.4
BM13,S20,2,BM13,S20,2,KB,stimulation,1.4
BM13,Z2,2,BM13,Z2,2,KB,stimulation,1.4
BM13,RCH3,2,BM13,RCH3,2,KB,stimulation,1.4
BM1,S20,2,BM1,S20,2,KB,stimulation,1.4
BM1,R1,2,BM1,R1,2,KB,stimulation,1.4
SCH4,R1,2,SCH4,R1,2,KB,stimulation,1.4
RDH6,Z2,2,RDH6,Z2,2,KB,stimulation,1.4
RDH6,RCH3,2,RDH6,RCH3,2,KB,stimulation,1.4
RDH6,RP5C,2,RDH6,RP5C,2,KB,stimulation,1.4
RP5H,SCH4,2,RP5H,SCH4,2,KB,stimulation,1.4
RP5C,RDP22,2,RP5C,RDP22,2,KB + FeCl3,stimulation,1.4
RDH25,KT2442,2,RDH25,KT2442,2,KB + FeCl3,stimulation,1.4
RDP27,RDP22,2,RDP27,RDP22,2,KB + FeCl3,stimulation,1.4
BM7,BM13,3,BM7,BM13,3,KB,stimulation,1.6
BM25,RDP27,3,BM25,RDP27,3,KB,stimulation,1.6
E15,SCH4,3,E15,SCH4,3,KB,stimulation,1.6
E4,RDP27,3,E4,RDP27,3,KB,stimulation,1.6
E4,E5,3,E4,E5,3,KB,stimulation,1.6
RP5C,S20,3,RP5C,S20,3,KB,stimulation,1.6
RDH25,RDP27,3,RDH25,RDP27,3,KB,stimulation,1.6
RDH25,BM25,3,RDH25,BM25,3,KB,stimulation,1.6
RDH25,R1,3,RDH25,R1,3,KB,stimulation,1.6
SCH24,RDP27,3,SCH24,RDP27,3,KB,stimulation,1.6
SCH24,R1,3,SCH24,R1,3,KB,stimulation,1.6
BM1,BM12,3,BM1,BM12,3,KB,stimulation,1.6
BM1,BM25,3,BM1,BM25,3,KB,stimulation,1.6
BM1,Z2,3,BM1,Z2,3,KB,stimulation,1.6
BM1,RCH3,3,BM1,RCH3,3,KB,stimulation,1.6
SCH4,R23,3,SCH4,R23,3,KB,stimulation,1.6
RDH25,RDP27,3,RDH25,RDP27,3,KB + FeCl3,stimulation,1.6
BM7,RDP22,3,BM7,RDP22,3,KB + FeCl3,stimulation,1.6
RP5C,BM1,4,RP5C,BM1,4,KB,stimulation,1.8
RCH25,BM13,4,RCH25,BM13,4,KB,stimulation,1.8
R1,BM23,4,R1,BM23,4,KB,stimulation,1.8
SCH4,RDH25,4,SCH4,RDH25,4,KB,stimulation,1.8
SCH11,RDH20,4,SCH11,RDH20,4,KB,stimulation,1.8
SCH11,RDH25,4,SCH11,RDH25,4,KB,stimulation,1.8
RDP22,RPE1_RP5,5,RDP22,RPE1_RP5,5,KB,stimulation,2
RDP22,SCH11,5,RDP22,SCH11,5,KB,stimulation,2
SCH24,BM12,5,SCH24,BM12,5,KB,stimulation,2
BM1,BM21,5,BM1,BM21,5,KB,stimulation,2
BM1,RCH25,5,BM1,RCH25,5,KB,stimulation,2
SCH4,RDH20,5,SCH4,RDH20,5,KB,stimulation,2
E4,RDP22,5,E4,RDP22,5,KB + FeCl3,stimulation,2
E4,RDP27,5,E4,RDP27,5,KB + FeCl3,stimulation,2
E4,RPE1,5,E4,RPE1,5,KB + FeCl3,stimulation,2
BM12,RDP22,5,BM12,RDP22,5,KB + FeCl3,stimulation,2
RDP22,BM21,6,RDP22,BM21,6,KB,stimulation,2.2
RDP22,RCH25,6,RDP22,RCH25,6,KB,stimulation,2.2
RDH25,RPE1,6,RDH25,RPE1,6,KB + FeCl3,stimulation,2.2
RDP22,RPA1,7,RDP22,RPA1,7,KB,stimulation,2.4
RP5C,RDP22,7,RP5C,RDP22,7,KB,stimulation,2.4
S20,RDP22,7,S20,RDP22,7,KB + FeCl3,stimulation,2.4
RDP22,E5,7,RDP22,E5,7,KB + FeCl3,stimulation,2.4
KT2442,RDP22,8,KT2442,RDP22,8,KB + FeCl3,stimulation,2.6
R23,RDP22,8,R23,RDP22,8,KB + FeCl3,stimulation,2.6
RDP22,E5,10,RDP22,E5,10,KB,stimulation,3
RDP22,PAO1,10,RDP22,PAO1,10,KB,stimulation,3
RDP22,Pf5,10,RDP22,Pf5,10,KB,stimulation,3
RDP22,RDH20,10,RDP22,RDH20,10,KB,stimulation,3
BM7,BM21,10,BM7,BM21,10,KB,stimulation,3
BM7,RCH25,10,BM7,RCH25,10,KB,stimulation,3
Z2,RDP22,10,Z2,RDP22,10,KB + FeCl3,stimulation,3