Strain_ID,name,value,Target,Source,Interaction,Media,SourceMedia,TargetMedia,LineWeights,InteractionType
RDP22,SH11,-10,RDP22,SH11,-10,KB,SH11 KB,RDP22 KB,3,inhibition
BM7,RDH1,-10,BM7,RDH1,-10,KB,RDH1 KB,BM7 KB,3,inhibition
BM12,PAO1,-10,BM12,PAO1,-10,KB,PAO1 KB,BM12 KB,3,inhibition
BM12,Pf5,-10,BM12,Pf5,-10,KB,Pf5 KB,BM12 KB,3,inhibition
BM12,RPA1,-10,BM12,RPA1,-10,KB,RPA1 KB,BM12 KB,3,inhibition
BM23,RPA1,-10,BM23,RPA1,-10,KB,RPA1 KB,BM23 KB,3,inhibition
BM23,RP5C,-10,BM23,RP5C,-10,KB,RP5C KB,BM23 KB,3,inhibition
BM23,BM21,-10,BM23,BM21,-10,KB,BM21 KB,BM23 KB,3,inhibition
BM23,RCH25,-10,BM23,RCH25,-10,KB,RCH25 KB,BM23 KB,3,inhibition
RCH3,SH11,-10,RCH3,SH11,-10,KB,SH11 KB,RCH3 KB,3,inhibition
RP5C,BM17,-10,RP5C,BM17,-10,KB,BM17 KB,RP5C KB,3,inhibition
RDH20,E5,-10,RDH20,E5,-10,KB,E5 KB,RDH20 KB,3,inhibition
RCH20P,SH11,-10,RCH20P,SH11,-10,KB,SH11 KB,RCH20P KB,3,inhibition
R1,E5,-10,R1,E5,-10,KB,E5 KB,R1 KB,3,inhibition
R1,Pf5,-10,R1,Pf5,-10,KB,Pf5 KB,R1 KB,3,inhibition
BM13,RDH1,-10,BM13,RDH1,-10,KB,RDH1 KB,BM13 KB,3,inhibition
BM1,E5,-10,BM1,E5,-10,KB,E5 KB,BM1 KB,3,inhibition
SCH4,E5,-10,SCH4,E5,-10,KB,E5 KB,SCH4 KB,3,inhibition
RDH6,E5,-10,RDH6,E5,-10,KB,E5 KB,RDH6 KB,3,inhibition
RDH6,PAO1,-10,RDH6,PAO1,-10,KB,PAO1 KB,RDH6 KB,3,inhibition
RDH6,Pf5,-10,RDH6,Pf5,-10,KB,Pf5 KB,RDH6 KB,3,inhibition
RDH6,RPA1,-10,RDH6,RPA1,-10,KB,RPA1 KB,RDH6 KB,3,inhibition
RP5H,E5,-10,RP5H,E5,-10,KB,E5 KB,RP5H KB,3,inhibition
RP5H,PAO1,-10,RP5H,PAO1,-10,KB,PAO1 KB,RP5H KB,3,inhibition
RP5H,Pf5,-10,RP5H,Pf5,-10,KB,Pf5 KB,RP5H KB,3,inhibition
RP5H,SH11,-10,RP5H,SH11,-10,KB,SH11 KB,RP5H KB,3,inhibition
RP5H,RCH20P,-10,RP5H,RCH20P,-10,KB,RCH20P KB,RP5H KB,3,inhibition
RP5H,RDH1,-10,RP5H,RDH1,-10,KB,RDH1 KB,RP5H KB,3,inhibition
Z2,PF5,-10,Z2,PF5,-10,KB + FeCl3,PF5 KB + FeCl3,Z2 KB + FeCl3,3,inhibition
R23,PF5,-10,R23,PF5,-10,KB + FeCl3,PF5 KB + FeCl3,R23 KB + FeCl3,3,inhibition
RP5H,E5,-10,RP5H,E5,-10,KB + FeCl3,E5 KB + FeCl3,RP5H KB + FeCl3,3,inhibition
RP5H,PAO1,-10,RP5H,PAO1,-10,KB + FeCl3,PAO1 KB + FeCl3,RP5H KB + FeCl3,3,inhibition
RP5H,PF5,-10,RP5H,PF5,-10,KB + FeCl3,PF5 KB + FeCl3,RP5H KB + FeCl3,3,inhibition
Z2,Pf5,-9,Z2,Pf5,-9,KB,Pf5 KB,Z2 KB,2.8,inhibition
SCH24,RP5C,-9,SCH24,RP5C,-9,KB,RP5C KB,SCH24 KB,2.8,inhibition
RDH6,E5,-9,RDH6,E5,-9,KB + FeCl3,E5 KB + FeCl3,RDH6 KB + FeCl3,2.8,inhibition
BM7,Pf5,-8,BM7,Pf5,-8,KB,Pf5 KB,BM7 KB,2.6,inhibition
BM12,RDP27,-8,BM12,RDP27,-8,KB,RDP27 KB,BM12 KB,2.6,inhibition
BM12,E5,-8,BM12,E5,-8,KB,E5 KB,BM12 KB,2.6,inhibition
BM12,RPE1_RP5,-8,BM12,RPE1_RP5,-8,KB,RPE1_RP5 KB,BM12 KB,2.6,inhibition
R23,PAO1,-8,R23,PAO1,-8,KB,PAO1 KB,R23 KB,2.6,inhibition
E15,BM21,-8,E15,BM21,-8,KB,BM21 KB,E15 KB,2.6,inhibition
E15,RCH25,-8,E15,RCH25,-8,KB,RCH25 KB,E15 KB,2.6,inhibition
BM23,RPE1_RP5,-8,BM23,RPE1_RP5,-8,KB,RPE1_RP5 KB,BM23 KB,2.6,inhibition
RCH3,Pf5,-8,RCH3,Pf5,-8,KB,Pf5 KB,RCH3 KB,2.6,inhibition
RP5C,SH11,-8,RP5C,SH11,-8,KB,SH11 KB,RP5C KB,2.6,inhibition
R1,PAO1,-8,R1,PAO1,-8,KB,PAO1 KB,R1 KB,2.6,inhibition
RDH1,SH11,-8,RDH1,SH11,-8,KB,SH11 KB,RDH1 KB,2.6,inhibition
BM13,E5,-8,BM13,E5,-8,KB,E5 KB,BM13 KB,2.6,inhibition
BM13,SCH24,-8,BM13,SCH24,-8,KB,SCH24 KB,BM13 KB,2.6,inhibition
BM13,SH11,-8,BM13,SH11,-8,KB,SH11 KB,BM13 KB,2.6,inhibition
BM1,PAO1,-8,BM1,PAO1,-8,KB,PAO1 KB,BM1 KB,2.6,inhibition
BM1,Pf5,-8,BM1,Pf5,-8,KB,Pf5 KB,BM1 KB,2.6,inhibition
SCH4,SCH24,-8,SCH4,SCH24,-8,KB,SCH24 KB,SCH4 KB,2.6,inhibition
RDH6,SCH24,-8,RDH6,SCH24,-8,KB,SCH24 KB,RDH6 KB,2.6,inhibition
RP5H,SCH24,-8,RP5H,SCH24,-8,KB,SCH24 KB,RP5H KB,2.6,inhibition
Z2,E5,-8,Z2,E5,-8,KB + FeCl3,E5 KB + FeCl3,Z2 KB + FeCl3,2.6,inhibition
BM1,PF5,-8,BM1,PF5,-8,KB + FeCl3,PF5 KB + FeCl3,BM1 KB + FeCl3,2.6,inhibition
SCH4,PAO1,-8,SCH4,PAO1,-8,KB + FeCl3,PAO1 KB + FeCl3,SCH4 KB + FeCl3,2.6,inhibition
SCH4,PF5,-8,SCH4,PF5,-8,KB + FeCl3,PF5 KB + FeCl3,SCH4 KB + FeCl3,2.6,inhibition
BM12,E5,-8,BM12,E5,-8,KB + FeCl3,E5 KB + FeCl3,BM12 KB + FeCl3,2.6,inhibition
BM12,RPE1,-8,BM12,RPE1,-8,KB + FeCl3,RPE1 KB + FeCl3,BM12 KB + FeCl3,2.6,inhibition
R23,PAO1,-8,R23,PAO1,-8,KB + FeCl3,PAO1 KB + FeCl3,R23 KB + FeCl3,2.6,inhibition
BM7,KT2442,-7,BM7,KT2442,-7,KB,KT2442 KB,BM7 KB,2.4,inhibition
BM7,RPE1_RP5,-7,BM7,RPE1_RP5,-7,KB,RPE1_RP5 KB,BM7 KB,2.4,inhibition
BM7,PAO1,-7,BM7,PAO1,-7,KB,PAO1 KB,BM7 KB,2.4,inhibition
BM12,KT2442,-7,BM12,KT2442,-7,KB,KT2442 KB,BM12 KB,2.4,inhibition
R23,Pf5,-7,R23,Pf5,-7,KB,Pf5 KB,R23 KB,2.4,inhibition
BM23,KT2442,-7,BM23,KT2442,-7,KB,KT2442 KB,BM23 KB,2.4,inhibition
BM23,RDP27,-7,BM23,RDP27,-7,KB,RDP27 KB,BM23 KB,2.4,inhibition
BM23,E5,-7,BM23,E5,-7,KB,E5 KB,BM23 KB,2.4,inhibition
BM23,Pf5,-7,BM23,Pf5,-7,KB,Pf5 KB,BM23 KB,2.4,inhibition
Z2,E5,-7,Z2,E5,-7,KB,E5 KB,Z2 KB,2.4,inhibition
RP5C,RPE1_RP5,-7,RP5C,RPE1_RP5,-7,KB,RPE1_RP5 KB,RP5C KB,2.4,inhibition
RDH20,RDP27,-7,RDH20,RDP27,-7,KB,RDP27 KB,RDH20 KB,2.4,inhibition
SCH24,BM21,-7,SCH24,BM21,-7,KB,BM21 KB,SCH24 KB,2.4,inhibition
RDH1,PAO1,-7,RDH1,PAO1,-7,KB,PAO1 KB,RDH1 KB,2.4,inhibition
RDH1,Pf5,-7,RDH1,Pf5,-7,KB,Pf5 KB,RDH1 KB,2.4,inhibition
BM1,RPE1_RP5,-7,BM1,RPE1_RP5,-7,KB,RPE1_RP5 KB,BM1 KB,2.4,inhibition
SCH11,RDH1,-7,SCH11,RDH1,-7,KB,RDH1 KB,SCH11 KB,2.4,inhibition
R1,E5,-7,R1,E5,-7,KB + FeCl3,E5 KB + FeCl3,R1 KB + FeCl3,2.4,inhibition
BM1,E5,-7,BM1,E5,-7,KB + FeCl3,E5 KB + FeCl3,BM1 KB + FeCl3,2.4,inhibition
RDH6,PAO1,-7,RDH6,PAO1,-7,KB + FeCl3,PAO1 KB + FeCl3,RDH6 KB + FeCl3,2.4,inhibition
RDH6,PF5,-7,RDH6,PF5,-7,KB + FeCl3,PF5 KB + FeCl3,RDH6 KB + FeCl3,2.4,inhibition
BM7,E5,-6,BM7,E5,-6,KB,E5 KB,BM7 KB,2.2,inhibition
R23,E5,-6,R23,E5,-6,KB,E5 KB,R23 KB,2.2,inhibition
R23,RPE1_RP5,-6,R23,RPE1_RP5,-6,KB,RPE1_RP5 KB,R23 KB,2.2,inhibition
R23,RPA1,-6,R23,RPA1,-6,KB,RPA1 KB,R23 KB,2.2,inhibition
R23,BM17,-6,R23,BM17,-6,KB,BM17 KB,R23 KB,2.2,inhibition
R23,E15,-6,R23,E15,-6,KB,E15 KB,R23 KB,2.2,inhibition
R23,BM21,-6,R23,BM21,-6,KB,BM21 KB,R23 KB,2.2,inhibition
R23,RCH25,-6,R23,RCH25,-6,KB,RCH25 KB,R23 KB,2.2,inhibition
E15,KT2442,-6,E15,KT2442,-6,KB,KT2442 KB,E15 KB,2.2,inhibition
BM23,PAO1,-6,BM23,PAO1,-6,KB,PAO1 KB,BM23 KB,2.2,inhibition
SCH24,RCH25,-6,SCH24,RCH25,-6,KB,RCH25 KB,SCH24 KB,2.2,inhibition
RDH1,BM21,-6,RDH1,BM21,-6,KB,BM21 KB,RDH1 KB,2.2,inhibition
RDH1,RCH25,-6,RDH1,RCH25,-6,KB,RCH25 KB,RDH1 KB,2.2,inhibition
SCH4,PAO1,-6,SCH4,PAO1,-6,KB,PAO1 KB,SCH4 KB,2.2,inhibition
RP5H,RPE1_RP5,-6,RP5H,RPE1_RP5,-6,KB,RPE1_RP5 KB,RP5H KB,2.2,inhibition
RP5H,BM21,-6,RP5H,BM21,-6,KB,BM21 KB,RP5H KB,2.2,inhibition
RP5H,RCH25,-6,RP5H,RCH25,-6,KB,RCH25 KB,RP5H KB,2.2,inhibition
R1,PF5,-6,R1,PF5,-6,KB + FeCl3,PF5 KB + FeCl3,R1 KB + FeCl3,2.2,inhibition
BM13,E5,-6,BM13,E5,-6,KB + FeCl3,E5 KB + FeCl3,BM13 KB + FeCl3,2.2,inhibition
BM13,PAO1,-6,BM13,PAO1,-6,KB + FeCl3,PAO1 KB + FeCl3,BM13 KB + FeCl3,2.2,inhibition
BM13,PF5,-6,BM13,PF5,-6,KB + FeCl3,PF5 KB + FeCl3,BM13 KB + FeCl3,2.2,inhibition
BM7,RPE1,-6,BM7,RPE1,-6,KB + FeCl3,RPE1 KB + FeCl3,BM7 KB + FeCl3,2.2,inhibition
SCH11,KT2442,-6,SCH11,KT2442,-6,KB + FeCl3,KT2442 KB + FeCl3,SCH11 KB + FeCl3,2.2,inhibition
RDP22,SCH24,-5,RDP22,SCH24,-5,KB,SCH24 KB,RDP22 KB,2,inhibition
RDP22,RDH1,-5,RDP22,RDH1,-5,KB,RDH1 KB,RDP22 KB,2,inhibition
RDP27,SH11,-5,RDP27,SH11,-5,KB,SH11 KB,RDP27 KB,2,inhibition
RPE1_RP5,RDP27,-5,RPE1_RP5,RDP27,-5,KB,RDP27 KB,RPE1_RP5 KB,2,inhibition
BM12,RCH25,-5,BM12,RCH25,-5,KB,RCH25 KB,BM12 KB,2,inhibition
R23,RDP27,-5,R23,RDP27,-5,KB,RDP27 KB,R23 KB,2,inhibition
S20,E5,-5,S20,E5,-5,KB,E5 KB,S20 KB,2,inhibition
Z2,RPE1_RP5,-5,Z2,RPE1_RP5,-5,KB,RPE1_RP5 KB,Z2 KB,2,inhibition
RP5C,E5,-5,RP5C,E5,-5,KB,E5 KB,RP5C KB,2,inhibition
SCH24,KT2442,-5,SCH24,KT2442,-5,KB,KT2442 KB,SCH24 KB,2,inhibition
SCH24,E5,-5,SCH24,E5,-5,KB,E5 KB,SCH24 KB,2,inhibition
SCH24,PAO1,-5,SCH24,PAO1,-5,KB,PAO1 KB,SCH24 KB,2,inhibition
SCH24,BM7,-5,SCH24,BM7,-5,KB,BM7 KB,SCH24 KB,2,inhibition
SCH24,SH11,-5,SCH24,SH11,-5,KB,SH11 KB,SCH24 KB,2,inhibition
RCH20P,RDP27,-5,RCH20P,RDP27,-5,KB,RDP27 KB,RCH20P KB,2,inhibition
RCH20P,BM21,-5,RCH20P,BM21,-5,KB,BM21 KB,RCH20P KB,2,inhibition
RCH20P,RCH25,-5,RCH20P,RCH25,-5,KB,RCH25 KB,RCH20P KB,2,inhibition
BM16,E5,-5,BM16,E5,-5,KB,E5 KB,BM16 KB,2,inhibition
BM16,SH11,-5,BM16,SH11,-5,KB,SH11 KB,BM16 KB,2,inhibition
R1,RCH25,-5,R1,RCH25,-5,KB,RCH25 KB,R1 KB,2,inhibition
R1,SCH24,-5,R1,SCH24,-5,KB,SCH24 KB,R1 KB,2,inhibition
RDH1,KT2442,-5,RDH1,KT2442,-5,KB,KT2442 KB,RDH1 KB,2,inhibition
RDH1,E5,-5,RDH1,E5,-5,KB,E5 KB,RDH1 KB,2,inhibition
RDH1,SCH11,-5,RDH1,SCH11,-5,KB,SCH11 KB,RDH1 KB,2,inhibition
BM13,PAO1,-5,BM13,PAO1,-5,KB,PAO1 KB,BM13 KB,2,inhibition
BM13,Pf5,-5,BM13,Pf5,-5,KB,Pf5 KB,BM13 KB,2,inhibition
BM13,RCH20P,-5,BM13,RCH20P,-5,KB,RCH20P KB,BM13 KB,2,inhibition
BM1,RDP22,-5,BM1,RDP22,-5,KB,RDP22 KB,BM1 KB,2,inhibition
SCH4,RPE1_RP5,-5,SCH4,RPE1_RP5,-5,KB,RPE1_RP5 KB,SCH4 KB,2,inhibition
SCH4,Pf5,-5,SCH4,Pf5,-5,KB,Pf5 KB,SCH4 KB,2,inhibition
SCH4,BM21,-5,SCH4,BM21,-5,KB,BM21 KB,SCH4 KB,2,inhibition
SCH4,RCH25,-5,SCH4,RCH25,-5,KB,RCH25 KB,SCH4 KB,2,inhibition
SCH4,SH11,-5,SCH4,SH11,-5,KB,SH11 KB,SCH4 KB,2,inhibition
RDH6,KT2442,-5,RDH6,KT2442,-5,KB,KT2442 KB,RDH6 KB,2,inhibition
RDH6,SH11,-5,RDH6,SH11,-5,KB,SH11 KB,RDH6 KB,2,inhibition
SCH11,KT2442,-5,SCH11,KT2442,-5,KB,KT2442 KB,SCH11 KB,2,inhibition
SCH11,RPE1_RP5,-5,SCH11,RPE1_RP5,-5,KB,RPE1_RP5 KB,SCH11 KB,2,inhibition
SCH11,PAO1,-5,SCH11,PAO1,-5,KB,PAO1 KB,SCH11 KB,2,inhibition
SCH11,Pf5,-5,SCH11,Pf5,-5,KB,Pf5 KB,SCH11 KB,2,inhibition
BM17,E5,-5,BM17,E5,-5,KB + FeCl3,E5 KB + FeCl3,BM17 KB + FeCl3,2,inhibition
E15,RDP27,-5,E15,RDP27,-5,KB + FeCl3,RDP27 KB + FeCl3,E15 KB + FeCl3,2,inhibition
BM23,E5,-5,BM23,E5,-5,KB + FeCl3,E5 KB + FeCl3,BM23 KB + FeCl3,2,inhibition
BM23,RPE1,-5,BM23,RPE1,-5,KB + FeCl3,RPE1 KB + FeCl3,BM23 KB + FeCl3,2,inhibition
BM1,PAO1,-5,BM1,PAO1,-5,KB + FeCl3,PAO1 KB + FeCl3,BM1 KB + FeCl3,2,inhibition
BM7,E5,-5,BM7,E5,-5,KB + FeCl3,E5 KB + FeCl3,BM7 KB + FeCl3,2,inhibition
BM7,PAO1,-5,BM7,PAO1,-5,KB + FeCl3,PAO1 KB + FeCl3,BM7 KB + FeCl3,2,inhibition
BM7,PF5,-5,BM7,PF5,-5,KB + FeCl3,PF5 KB + FeCl3,BM7 KB + FeCl3,2,inhibition
R23,KT2442,-5,R23,KT2442,-5,KB + FeCl3,KT2442 KB + FeCl3,R23 KB + FeCl3,2,inhibition
R23,RPE1,-5,R23,RPE1,-5,KB + FeCl3,RPE1 KB + FeCl3,R23 KB + FeCl3,2,inhibition
RDP22,PF5,-5,RDP22,PF5,-5,KB + FeCl3,PF5 KB + FeCl3,RDP22 KB + FeCl3,2,inhibition
SCH11,RPE1,-5,SCH11,RPE1,-5,KB + FeCl3,RPE1 KB + FeCl3,SCH11 KB + FeCl3,2,inhibition
SCH11,PAO1,-5,SCH11,PAO1,-5,KB + FeCl3,PAO1 KB + FeCl3,SCH11 KB + FeCl3,2,inhibition
SCH11,PF5,-5,SCH11,PF5,-5,KB + FeCl3,PF5 KB + FeCl3,SCH11 KB + FeCl3,2,inhibition
RDP22,KT2442,-4,RDP22,KT2442,-4,KB,KT2442 KB,RDP22 KB,1.8,inhibition
BM12,BM23,-4,BM12,BM23,-4,KB,BM23 KB,BM12 KB,1.8,inhibition
R23,RP5C,-4,R23,RP5C,-4,KB,RP5C KB,R23 KB,1.8,inhibition
S20,PAO1,-4,S20,PAO1,-4,KB,PAO1 KB,S20 KB,1.8,inhibition
S20,Pf5,-4,S20,Pf5,-4,KB,Pf5 KB,S20 KB,1.8,inhibition
BM17,KT2442,-4,BM17,KT2442,-4,KB,KT2442 KB,BM17 KB,1.8,inhibition
BM17,PAO1,-4,BM17,PAO1,-4,KB,PAO1 KB,BM17 KB,1.8,inhibition
BM17,Pf5,-4,BM17,Pf5,-4,KB,Pf5 KB,BM17 KB,1.8,inhibition
BM17,E15,-4,BM17,E15,-4,KB,E15 KB,BM17 KB,1.8,inhibition
BM17,BM23,-4,BM17,BM23,-4,KB,BM23 KB,BM17 KB,1.8,inhibition
BM17,BM21,-4,BM17,BM21,-4,KB,BM21 KB,BM17 KB,1.8,inhibition
E15,BM23,-4,E15,BM23,-4,KB,BM23 KB,E15 KB,1.8,inhibition
E4,SCH24,-4,E4,SCH24,-4,KB,SCH24 KB,E4 KB,1.8,inhibition
Z2,PAO1,-4,Z2,PAO1,-4,KB,PAO1 KB,Z2 KB,1.8,inhibition
RP5C,PAO1,-4,RP5C,PAO1,-4,KB,PAO1 KB,RP5C KB,1.8,inhibition
RP5C,Pf5,-4,RP5C,Pf5,-4,KB,Pf5 KB,RP5C KB,1.8,inhibition
RP5C,BM21,-4,RP5C,BM21,-4,KB,BM21 KB,RP5C KB,1.8,inhibition
RP5C,RCH25,-4,RP5C,RCH25,-4,KB,RCH25 KB,RP5C KB,1.8,inhibition
BM21,RCH25,-4,BM21,RCH25,-4,KB,RCH25 KB,BM21 KB,1.8,inhibition
RCH25,BM21,-4,RCH25,BM21,-4,KB,BM21 KB,RCH25 KB,1.8,inhibition
RDH20,BM21,-4,RDH20,BM21,-4,KB,BM21 KB,RDH20 KB,1.8,inhibition
RDH20,RCH25,-4,RDH20,RCH25,-4,KB,RCH25 KB,RDH20 KB,1.8,inhibition
SCH24,Pf5,-4,SCH24,Pf5,-4,KB,Pf5 KB,SCH24 KB,1.8,inhibition
RCH20P,E5,-4,RCH20P,E5,-4,KB,E5 KB,RCH20P KB,1.8,inhibition
RCH20P,PAO1,-4,RCH20P,PAO1,-4,KB,PAO1 KB,RCH20P KB,1.8,inhibition
RCH20P,Pf5,-4,RCH20P,Pf5,-4,KB,Pf5 KB,RCH20P KB,1.8,inhibition
BM16,RDP27,-4,BM16,RDP27,-4,KB,RDP27 KB,BM16 KB,1.8,inhibition
BM16,PAO1,-4,BM16,PAO1,-4,KB,PAO1 KB,BM16 KB,1.8,inhibition
BM16,Pf5,-4,BM16,Pf5,-4,KB,Pf5 KB,BM16 KB,1.8,inhibition
R1,RPE1_RP5,-4,R1,RPE1_RP5,-4,KB,RPE1_RP5 KB,R1 KB,1.8,inhibition
R1,BM21,-4,R1,BM21,-4,KB,BM21 KB,R1 KB,1.8,inhibition
R1,SH11,-4,R1,SH11,-4,KB,SH11 KB,R1 KB,1.8,inhibition
RDH1,RDP27,-4,RDH1,RDP27,-4,KB,RDP27 KB,RDH1 KB,1.8,inhibition
RDH1,RPE1_RP5,-4,RDH1,RPE1_RP5,-4,KB,RPE1_RP5 KB,RDH1 KB,1.8,inhibition
SCH4,RCH20P,-4,SCH4,RCH20P,-4,KB,RCH20P KB,SCH4 KB,1.8,inhibition
RDH6,RPE1_RP5,-4,RDH6,RPE1_RP5,-4,KB,RPE1_RP5 KB,RDH6 KB,1.8,inhibition
RP5H,RDP27,-4,RP5H,RDP27,-4,KB,RDP27 KB,RP5H KB,1.8,inhibition
RP5H,BM13,-4,RP5H,BM13,-4,KB,BM13 KB,RP5H KB,1.8,inhibition
RP5H,RDH6,-4,RP5H,RDH6,-4,KB,RDH6 KB,RP5H KB,1.8,inhibition
SCH11,E5,-4,SCH11,E5,-4,KB,E5 KB,SCH11 KB,1.8,inhibition
BM16,PF5,-4,BM16,PF5,-4,KB + FeCl3,PF5 KB + FeCl3,BM16 KB + FeCl3,1.8,inhibition
BM23,KT2442,-4,BM23,KT2442,-4,KB + FeCl3,KT2442 KB + FeCl3,BM23 KB + FeCl3,1.8,inhibition
BM23,RDP27,-4,BM23,RDP27,-4,KB + FeCl3,RDP27 KB + FeCl3,BM23 KB + FeCl3,1.8,inhibition
Z2,RDP27,-4,Z2,RDP27,-4,KB + FeCl3,RDP27 KB + FeCl3,Z2 KB + FeCl3,1.8,inhibition
Z2,PAO1,-4,Z2,PAO1,-4,KB + FeCl3,PAO1 KB + FeCl3,Z2 KB + FeCl3,1.8,inhibition
RP5C,PAO1,-4,RP5C,PAO1,-4,KB + FeCl3,PAO1 KB + FeCl3,RP5C KB + FeCl3,1.8,inhibition
RP5C,PF5,-4,RP5C,PF5,-4,KB + FeCl3,PF5 KB + FeCl3,RP5C KB + FeCl3,1.8,inhibition
SCH24,E5,-4,SCH24,E5,-4,KB + FeCl3,E5 KB + FeCl3,SCH24 KB + FeCl3,1.8,inhibition
SCH24,PAO1,-4,SCH24,PAO1,-4,KB + FeCl3,PAO1 KB + FeCl3,SCH24 KB + FeCl3,1.8,inhibition
SCH24,PF5,-4,SCH24,PF5,-4,KB + FeCl3,PF5 KB + FeCl3,SCH24 KB + FeCl3,1.8,inhibition
SCH4,RDP27,-4,SCH4,RDP27,-4,KB + FeCl3,RDP27 KB + FeCl3,SCH4 KB + FeCl3,1.8,inhibition
BM12,KT2442,-4,BM12,KT2442,-4,KB + FeCl3,KT2442 KB + FeCl3,BM12 KB + FeCl3,1.8,inhibition
BM12,RDP27,-4,BM12,RDP27,-4,KB + FeCl3,RDP27 KB + FeCl3,BM12 KB + FeCl3,1.8,inhibition
BM12,PAO1,-4,BM12,PAO1,-4,KB + FeCl3,PAO1 KB + FeCl3,BM12 KB + FeCl3,1.8,inhibition
BM12,PF5,-4,BM12,PF5,-4,KB + FeCl3,PF5 KB + FeCl3,BM12 KB + FeCl3,1.8,inhibition
R23,E5,-4,R23,E5,-4,KB + FeCl3,E5 KB + FeCl3,R23 KB + FeCl3,1.8,inhibition
RDP22,PAO1,-4,RDP22,PAO1,-4,KB + FeCl3,PAO1 KB + FeCl3,RDP22 KB + FeCl3,1.8,inhibition
SCH11,RDP27,-4,SCH11,RDP27,-4,KB + FeCl3,RDP27 KB + FeCl3,SCH11 KB + FeCl3,1.8,inhibition
SCH11,E5,-4,SCH11,E5,-4,KB + FeCl3,E5 KB + FeCl3,SCH11 KB + FeCl3,1.8,inhibition
RDP27,KT2442,-3,RDP27,KT2442,-3,KB,KT2442 KB,RDP27 KB,1.6,inhibition
RDP27,SCH24,-3,RDP27,SCH24,-3,KB,SCH24 KB,RDP27 KB,1.6,inhibition
E5,RCH25,-3,E5,RCH25,-3,KB,RCH25 KB,E5 KB,1.6,inhibition
RPE1_RP5,E5,-3,RPE1_RP5,E5,-3,KB,E5 KB,RPE1_RP5 KB,1.6,inhibition
PAO1,KT2442,-3,PAO1,KT2442,-3,KB,KT2442 KB,PAO1 KB,1.6,inhibition
PAO1,BM21,-3,PAO1,BM21,-3,KB,BM21 KB,PAO1 KB,1.6,inhibition
PAO1,RCH25,-3,PAO1,RCH25,-3,KB,RCH25 KB,PAO1 KB,1.6,inhibition
Pf5,RDP27,-3,Pf5,RDP27,-3,KB,RDP27 KB,Pf5 KB,1.6,inhibition
Pf5,E5,-3,Pf5,E5,-3,KB,E5 KB,Pf5 KB,1.6,inhibition
Pf5,RPE1_RP5,-3,Pf5,RPE1_RP5,-3,KB,RPE1_RP5 KB,Pf5 KB,1.6,inhibition
RPA1,PAO1,-3,RPA1,PAO1,-3,KB,PAO1 KB,RPA1 KB,1.6,inhibition
BM7,RDP22,-3,BM7,RDP22,-3,KB,RDP22 KB,BM7 KB,1.6,inhibition
BM7,RPA1,-3,BM7,RPA1,-3,KB,RPA1 KB,BM7 KB,1.6,inhibition
BM7,BM23,-3,BM7,BM23,-3,KB,BM23 KB,BM7 KB,1.6,inhibition
BM7,RDH6,-3,BM7,RDH6,-3,KB,RDH6 KB,BM7 KB,1.6,inhibition
BM7,SCH11,-3,BM7,SCH11,-3,KB,SCH11 KB,BM7 KB,1.6,inhibition
BM12,RDP22,-3,BM12,RDP22,-3,KB,RDP22 KB,BM12 KB,1.6,inhibition
BM12,BM21,-3,BM12,BM21,-3,KB,BM21 KB,BM12 KB,1.6,inhibition
BM25,E5,-3,BM25,E5,-3,KB,E5 KB,BM25 KB,1.6,inhibition
BM25,PAO1,-3,BM25,PAO1,-3,KB,PAO1 KB,BM25 KB,1.6,inhibition
R23,KT2442,-3,R23,KT2442,-3,KB,KT2442 KB,R23 KB,1.6,inhibition
R23,SH11,-3,R23,SH11,-3,KB,SH11 KB,R23 KB,1.6,inhibition
R23,R1,-3,R23,R1,-3,KB,R1 KB,R23 KB,1.6,inhibition
R23,RDH6,-3,R23,RDH6,-3,KB,RDH6 KB,R23 KB,1.6,inhibition
S20,RPE1_RP5,-3,S20,RPE1_RP5,-3,KB,RPE1_RP5 KB,S20 KB,1.6,inhibition
S20,RP5C,-3,S20,RP5C,-3,KB,RP5C KB,S20 KB,1.6,inhibition
S20,SH11,-3,S20,SH11,-3,KB,SH11 KB,S20 KB,1.6,inhibition
BM17,RDP22,-3,BM17,RDP22,-3,KB,RDP22 KB,BM17 KB,1.6,inhibition
BM17,RDP27,-3,BM17,RDP27,-3,KB,RDP27 KB,BM17 KB,1.6,inhibition
BM17,E5,-3,BM17,E5,-3,KB,E5 KB,BM17 KB,1.6,inhibition
BM17,RPE1_RP5,-3,BM17,RPE1_RP5,-3,KB,RPE1_RP5 KB,BM17 KB,1.6,inhibition
BM17,SCH4,-3,BM17,SCH4,-3,KB,SCH4 KB,BM17 KB,1.6,inhibition
E15,RDP27,-3,E15,RDP27,-3,KB,RDP27 KB,E15 KB,1.6,inhibition
E15,E5,-3,E15,E5,-3,KB,E5 KB,E15 KB,1.6,inhibition
BM23,RDP22,-3,BM23,RDP22,-3,KB,RDP22 KB,BM23 KB,1.6,inhibition
BM23,BM25,-3,BM23,BM25,-3,KB,BM25 KB,BM23 KB,1.6,inhibition
BM23,BM17,-3,BM23,BM17,-3,KB,BM17 KB,BM23 KB,1.6,inhibition
BM23,E4,-3,BM23,E4,-3,KB,E4 KB,BM23 KB,1.6,inhibition
BM23,SCH24,-3,BM23,SCH24,-3,KB,SCH24 KB,BM23 KB,1.6,inhibition
Z2,KT2442,-3,Z2,KT2442,-3,KB,KT2442 KB,Z2 KB,1.6,inhibition
Z2,BM21,-3,Z2,BM21,-3,KB,BM21 KB,Z2 KB,1.6,inhibition
Z2,RCH25,-3,Z2,RCH25,-3,KB,RCH25 KB,Z2 KB,1.6,inhibition
RCH3,KT2442,-3,RCH3,KT2442,-3,KB,KT2442 KB,RCH3 KB,1.6,inhibition
RCH3,E5,-3,RCH3,E5,-3,KB,E5 KB,RCH3 KB,1.6,inhibition
RCH3,RPE1_RP5,-3,RCH3,RPE1_RP5,-3,KB,RPE1_RP5 KB,RCH3 KB,1.6,inhibition
RCH3,PAO1,-3,RCH3,PAO1,-3,KB,PAO1 KB,RCH3 KB,1.6,inhibition
RCH3,Z2,-3,RCH3,Z2,-3,KB,Z2 KB,RCH3 KB,1.6,inhibition
RCH3,RCH25,-3,RCH3,RCH25,-3,KB,RCH25 KB,RCH3 KB,1.6,inhibition
RP5C,RCH3,-3,RP5C,RCH3,-3,KB,RCH3 KB,RP5C KB,1.6,inhibition
RDH20,RDP22,-3,RDH20,RDP22,-3,KB,RDP22 KB,RDH20 KB,1.6,inhibition
RDH20,PAO1,-3,RDH20,PAO1,-3,KB,PAO1 KB,RDH20 KB,1.6,inhibition
RDH20,Pf5,-3,RDH20,Pf5,-3,KB,Pf5 KB,RDH20 KB,1.6,inhibition
SCH24,SCH11,-3,SCH24,SCH11,-3,KB,SCH11 KB,SCH24 KB,1.6,inhibition
RCH20P,KT2442,-3,RCH20P,KT2442,-3,KB,KT2442 KB,RCH20P KB,1.6,inhibition
BM16,KT2442,-3,BM16,KT2442,-3,KB,KT2442 KB,BM16 KB,1.6,inhibition
BM16,BM21,-3,BM16,BM21,-3,KB,BM21 KB,BM16 KB,1.6,inhibition
BM16,RDH1,-3,BM16,RDH1,-3,KB,RDH1 KB,BM16 KB,1.6,inhibition
R1,RDP27,-3,R1,RDP27,-3,KB,RDP27 KB,R1 KB,1.6,inhibition
R1,RCH20P,-3,R1,RCH20P,-3,KB,RCH20P KB,R1 KB,1.6,inhibition
R1,RDH1,-3,R1,RDH1,-3,KB,RDH1 KB,R1 KB,1.6,inhibition
BM13,KT2442,-3,BM13,KT2442,-3,KB,KT2442 KB,BM13 KB,1.6,inhibition
BM13,RPE1_RP5,-3,BM13,RPE1_RP5,-3,KB,RPE1_RP5 KB,BM13 KB,1.6,inhibition
BM13,BM25,-3,BM13,BM25,-3,KB,BM25 KB,BM13 KB,1.6,inhibition
BM13,BM21,-3,BM13,BM21,-3,KB,BM21 KB,BM13 KB,1.6,inhibition
BM13,RCH25,-3,BM13,RCH25,-3,KB,RCH25 KB,BM13 KB,1.6,inhibition
BM1,SCH24,-3,BM1,SCH24,-3,KB,SCH24 KB,BM1 KB,1.6,inhibition
BM1,SH11,-3,BM1,SH11,-3,KB,SH11 KB,BM1 KB,1.6,inhibition
BM1,RDH1,-3,BM1,RDH1,-3,KB,RDH1 KB,BM1 KB,1.6,inhibition
SCH4,KT2442,-3,SCH4,KT2442,-3,KB,KT2442 KB,SCH4 KB,1.6,inhibition
SCH4,RDP27,-3,SCH4,RDP27,-3,KB,RDP27 KB,SCH4 KB,1.6,inhibition
SCH4,RP5C,-3,SCH4,RP5C,-3,KB,RP5C KB,SCH4 KB,1.6,inhibition
SCH4,RDH1,-3,SCH4,RDH1,-3,KB,RDH1 KB,SCH4 KB,1.6,inhibition
RDH6,RDH1,-3,RDH6,RDH1,-3,KB,RDH1 KB,RDH6 KB,1.6,inhibition
RP5H,RP5C,-3,RP5H,RP5C,-3,KB,RP5C KB,RP5H KB,1.6,inhibition
RP5H,RDH20,-3,RP5H,RDH20,-3,KB,RDH20 KB,RP5H KB,1.6,inhibition
RP5H,RDH25,-3,RP5H,RDH25,-3,KB,RDH25 KB,RP5H KB,1.6,inhibition
RP5H,R1,-3,RP5H,R1,-3,KB,R1 KB,RP5H KB,1.6,inhibition
SCH11,RDP27,-3,SCH11,RDP27,-3,KB,RDP27 KB,SCH11 KB,1.6,inhibition
SCH11,SH11,-3,SCH11,SH11,-3,KB,SH11 KB,SCH11 KB,1.6,inhibition
RCH20P,PF5,-3,RCH20P,PF5,-3,KB + FeCl3,PF5 KB + FeCl3,RCH20P KB + FeCl3,1.6,inhibition
BM17,RDP27,-3,BM17,RDP27,-3,KB + FeCl3,RDP27 KB + FeCl3,BM17 KB + FeCl3,1.6,inhibition
BM17,RPE1,-3,BM17,RPE1,-3,KB + FeCl3,RPE1 KB + FeCl3,BM17 KB + FeCl3,1.6,inhibition
BM23,PAO1,-3,BM23,PAO1,-3,KB + FeCl3,PAO1 KB + FeCl3,BM23 KB + FeCl3,1.6,inhibition
BM23,PF5,-3,BM23,PF5,-3,KB + FeCl3,PF5 KB + FeCl3,BM23 KB + FeCl3,1.6,inhibition
Z2,RPE1,-3,Z2,RPE1,-3,KB + FeCl3,RPE1 KB + FeCl3,Z2 KB + FeCl3,1.6,inhibition
RCH3,RDP27,-3,RCH3,RDP27,-3,KB + FeCl3,RDP27 KB + FeCl3,RCH3 KB + FeCl3,1.6,inhibition
RCH3,E5,-3,RCH3,E5,-3,KB + FeCl3,E5 KB + FeCl3,RCH3 KB + FeCl3,1.6,inhibition
RDH20,PAO1,-3,RDH20,PAO1,-3,KB + FeCl3,PAO1 KB + FeCl3,RDH20 KB + FeCl3,1.6,inhibition
RDH20,PF5,-3,RDH20,PF5,-3,KB + FeCl3,PF5 KB + FeCl3,RDH20 KB + FeCl3,1.6,inhibition
S20,RPE1,-3,S20,RPE1,-3,KB + FeCl3,RPE1 KB + FeCl3,S20 KB + FeCl3,1.6,inhibition
S20,PAO1,-3,S20,PAO1,-3,KB + FeCl3,PAO1 KB + FeCl3,S20 KB + FeCl3,1.6,inhibition
S20,PF5,-3,S20,PF5,-3,KB + FeCl3,PF5 KB + FeCl3,S20 KB + FeCl3,1.6,inhibition
RP5H,RDP22,-3,RP5H,RDP22,-3,KB + FeCl3,RDP22 KB + FeCl3,RP5H KB + FeCl3,1.6,inhibition
KT2442,E5,-2,KT2442,E5,-2,KB,E5 KB,KT2442 KB,1.4,inhibition
KT2442,PAO1,-2,KT2442,PAO1,-2,KB,PAO1 KB,KT2442 KB,1.4,inhibition
KT2442,Pf5,-2,KT2442,Pf5,-2,KB,Pf5 KB,KT2442 KB,1.4,inhibition
KT2442,SCH24,-2,KT2442,SCH24,-2,KB,SCH24 KB,KT2442 KB,1.4,inhibition
KT2442,SH11,-2,KT2442,SH11,-2,KB,SH11 KB,KT2442 KB,1.4,inhibition
RDP22,E15,-2,RDP22,E15,-2,KB,E15 KB,RDP22 KB,1.4,inhibition
RDP22,E4,-2,RDP22,E4,-2,KB,E4 KB,RDP22 KB,1.4,inhibition
RDP27,BM25,-2,RDP27,BM25,-2,KB,BM25 KB,RDP27 KB,1.4,inhibition
RDP27,E4,-2,RDP27,E4,-2,KB,E4 KB,RDP27 KB,1.4,inhibition
RDP27,RP5C,-2,RDP27,RP5C,-2,KB,RP5C KB,RDP27 KB,1.4,inhibition
RDP27,RDH6,-2,RDP27,RDH6,-2,KB,RDH6 KB,RDP27 KB,1.4,inhibition
E5,KT2442,-2,E5,KT2442,-2,KB,KT2442 KB,E5 KB,1.4,inhibition
E5,BM21,-2,E5,BM21,-2,KB,BM21 KB,E5 KB,1.4,inhibition
E5,RDH6,-2,E5,RDH6,-2,KB,RDH6 KB,E5 KB,1.4,inhibition
RPE1_RP5,KT2442,-2,RPE1_RP5,KT2442,-2,KB,KT2442 KB,RPE1_RP5 KB,1.4,inhibition
RPE1_RP5,BM21,-2,RPE1_RP5,BM21,-2,KB,BM21 KB,RPE1_RP5 KB,1.4,inhibition
RPE1_RP5,RCH25,-2,RPE1_RP5,RCH25,-2,KB,RCH25 KB,RPE1_RP5 KB,1.4,inhibition
PAO1,RDP27,-2,PAO1,RDP27,-2,KB,RDP27 KB,PAO1 KB,1.4,inhibition
PAO1,E5,-2,PAO1,E5,-2,KB,E5 KB,PAO1 KB,1.4,inhibition
PAO1,RPE1_RP5,-2,PAO1,RPE1_RP5,-2,KB,RPE1_RP5 KB,PAO1 KB,1.4,inhibition
Pf5,KT2442,-2,Pf5,KT2442,-2,KB,KT2442 KB,Pf5 KB,1.4,inhibition
Pf5,BM21,-2,Pf5,BM21,-2,KB,BM21 KB,Pf5 KB,1.4,inhibition
Pf5,RCH25,-2,Pf5,RCH25,-2,KB,RCH25 KB,Pf5 KB,1.4,inhibition
RPA1,RDP27,-2,RPA1,RDP27,-2,KB,RDP27 KB,RPA1 KB,1.4,inhibition
RPA1,E5,-2,RPA1,E5,-2,KB,E5 KB,RPA1 KB,1.4,inhibition
RPA1,Pf5,-2,RPA1,Pf5,-2,KB,Pf5 KB,RPA1 KB,1.4,inhibition
RPA1,E4,-2,RPA1,E4,-2,KB,E4 KB,RPA1 KB,1.4,inhibition
RPA1,RCH25,-2,RPA1,RCH25,-2,KB,RCH25 KB,RPA1 KB,1.4,inhibition
BM7,BM25,-2,BM7,BM25,-2,KB,BM25 KB,BM7 KB,1.4,inhibition
BM7,BM17,-2,BM7,BM17,-2,KB,BM17 KB,BM7 KB,1.4,inhibition
BM7,E15,-2,BM7,E15,-2,KB,E15 KB,BM7 KB,1.4,inhibition
BM7,E4,-2,BM7,E4,-2,KB,E4 KB,BM7 KB,1.4,inhibition
BM7,RP5C,-2,BM7,RP5C,-2,KB,RP5C KB,BM7 KB,1.4,inhibition
BM7,SH11,-2,BM7,SH11,-2,KB,SH11 KB,BM7 KB,1.4,inhibition
BM7,RCH20P,-2,BM7,RCH20P,-2,KB,RCH20P KB,BM7 KB,1.4,inhibition
BM7,SCH4,-2,BM7,SCH4,-2,KB,SCH4 KB,BM7 KB,1.4,inhibition
BM12,E15,-2,BM12,E15,-2,KB,E15 KB,BM12 KB,1.4,inhibition
BM12,E4,-2,BM12,E4,-2,KB,E4 KB,BM12 KB,1.4,inhibition
BM12,RP5C,-2,BM12,RP5C,-2,KB,RP5C KB,BM12 KB,1.4,inhibition
BM12,SH11,-2,BM12,SH11,-2,KB,SH11 KB,BM12 KB,1.4,inhibition
BM25,RPE1_RP5,-2,BM25,RPE1_RP5,-2,KB,RPE1_RP5 KB,BM25 KB,1.4,inhibition
R23,S20,-2,R23,S20,-2,KB,S20 KB,R23 KB,1.4,inhibition
R23,BM16,-2,R23,BM16,-2,KB,BM16 KB,R23 KB,1.4,inhibition
R23,RDH1,-2,R23,RDH1,-2,KB,RDH1 KB,R23 KB,1.4,inhibition
R23,SCH11,-2,R23,SCH11,-2,KB,SCH11 KB,R23 KB,1.4,inhibition
S20,KT2442,-2,S20,KT2442,-2,KB,KT2442 KB,S20 KB,1.4,inhibition
S20,BM17,-2,S20,BM17,-2,KB,BM17 KB,S20 KB,1.4,inhibition
S20,E15,-2,S20,E15,-2,KB,E15 KB,S20 KB,1.4,inhibition
S20,BM21,-2,S20,BM21,-2,KB,BM21 KB,S20 KB,1.4,inhibition
S20,RCH25,-2,S20,RCH25,-2,KB,RCH25 KB,S20 KB,1.4,inhibition
BM17,BM25,-2,BM17,BM25,-2,KB,BM25 KB,BM17 KB,1.4,inhibition
BM17,RCH25,-2,BM17,RCH25,-2,KB,RCH25 KB,BM17 KB,1.4,inhibition
BM17,RDH6,-2,BM17,RDH6,-2,KB,RDH6 KB,BM17 KB,1.4,inhibition
E15,PAO1,-2,E15,PAO1,-2,KB,PAO1 KB,E15 KB,1.4,inhibition
E15,Pf5,-2,E15,Pf5,-2,KB,Pf5 KB,E15 KB,1.4,inhibition
E15,RDH6,-2,E15,RDH6,-2,KB,RDH6 KB,E15 KB,1.4,inhibition
BM23,SH11,-2,BM23,SH11,-2,KB,SH11 KB,BM23 KB,1.4,inhibition
Z2,RPA1,-2,Z2,RPA1,-2,KB,RPA1 KB,Z2 KB,1.4,inhibition
Z2,BM25,-2,Z2,BM25,-2,KB,BM25 KB,Z2 KB,1.4,inhibition
RCH3,BM25,-2,RCH3,BM25,-2,KB,BM25 KB,RCH3 KB,1.4,inhibition
RCH3,BM21,-2,RCH3,BM21,-2,KB,BM21 KB,RCH3 KB,1.4,inhibition
RCH3,R1,-2,RCH3,R1,-2,KB,R1 KB,RCH3 KB,1.4,inhibition
RP5C,E15,-2,RP5C,E15,-2,KB,E15 KB,RP5C KB,1.4,inhibition
RP5C,SCH24,-2,RP5C,SCH24,-2,KB,SCH24 KB,RP5C KB,1.4,inhibition
RP5C,R1,-2,RP5C,R1,-2,KB,R1 KB,RP5C KB,1.4,inhibition
RP5C,RDH6,-2,RP5C,RDH6,-2,KB,RDH6 KB,RP5C KB,1.4,inhibition
BM21,RDP27,-2,BM21,RDP27,-2,KB,RDP27 KB,BM21 KB,1.4,inhibition
BM21,PAO1,-2,BM21,PAO1,-2,KB,PAO1 KB,BM21 KB,1.4,inhibition
BM21,Pf5,-2,BM21,Pf5,-2,KB,Pf5 KB,BM21 KB,1.4,inhibition
BM21,RDH6,-2,BM21,RDH6,-2,KB,RDH6 KB,BM21 KB,1.4,inhibition
RCH25,RDP22,-2,RCH25,RDP22,-2,KB,RDP22 KB,RCH25 KB,1.4,inhibition
RCH25,RDP27,-2,RCH25,RDP27,-2,KB,RDP27 KB,RCH25 KB,1.4,inhibition
RCH25,E5,-2,RCH25,E5,-2,KB,E5 KB,RCH25 KB,1.4,inhibition
RCH25,RPE1_RP5,-2,RCH25,RPE1_RP5,-2,KB,RPE1_RP5 KB,RCH25 KB,1.4,inhibition
RCH25,PAO1,-2,RCH25,PAO1,-2,KB,PAO1 KB,RCH25 KB,1.4,inhibition
RCH25,Pf5,-2,RCH25,Pf5,-2,KB,Pf5 KB,RCH25 KB,1.4,inhibition
RDH20,SH11,-2,RDH20,SH11,-2,KB,SH11 KB,RDH20 KB,1.4,inhibition
RDH25,KT2442,-2,RDH25,KT2442,-2,KB,KT2442 KB,RDH25 KB,1.4,inhibition
RDH25,PAO1,-2,RDH25,PAO1,-2,KB,PAO1 KB,RDH25 KB,1.4,inhibition
RDH25,Pf5,-2,RDH25,Pf5,-2,KB,Pf5 KB,RDH25 KB,1.4,inhibition
RDH25,RP5C,-2,RDH25,RP5C,-2,KB,RP5C KB,RDH25 KB,1.4,inhibition
RDH25,SH11,-2,RDH25,SH11,-2,KB,SH11 KB,RDH25 KB,1.4,inhibition
SCH24,E15,-2,SCH24,E15,-2,KB,E15 KB,SCH24 KB,1.4,inhibition
SCH24,RDH1,-2,SCH24,RDH1,-2,KB,RDH1 KB,SCH24 KB,1.4,inhibition
SH11,RDP27,-2,SH11,RDP27,-2,KB,RDP27 KB,SH11 KB,1.4,inhibition
SH11,PAO1,-2,SH11,PAO1,-2,KB,PAO1 KB,SH11 KB,1.4,inhibition
SH11,Pf5,-2,SH11,Pf5,-2,KB,Pf5 KB,SH11 KB,1.4,inhibition
RCH20P,RDP22,-2,RCH20P,RDP22,-2,KB,RDP22 KB,RCH20P KB,1.4,inhibition
RCH20P,RPE1_RP5,-2,RCH20P,RPE1_RP5,-2,KB,RPE1_RP5 KB,RCH20P KB,1.4,inhibition
BM16,RDP22,-2,BM16,RDP22,-2,KB,RDP22 KB,BM16 KB,1.4,inhibition
BM16,BM17,-2,BM16,BM17,-2,KB,BM17 KB,BM16 KB,1.4,inhibition
BM16,E15,-2,BM16,E15,-2,KB,E15 KB,BM16 KB,1.4,inhibition
BM16,RP5C,-2,BM16,RP5C,-2,KB,RP5C KB,BM16 KB,1.4,inhibition
BM16,RCH25,-2,BM16,RCH25,-2,KB,RCH25 KB,BM16 KB,1.4,inhibition
BM16,SCH24,-2,BM16,SCH24,-2,KB,SCH24 KB,BM16 KB,1.4,inhibition
BM16,RCH20P,-2,BM16,RCH20P,-2,KB,RCH20P KB,BM16 KB,1.4,inhibition
R1,BM17,-2,R1,BM17,-2,KB,BM17 KB,R1 KB,1.4,inhibition
R1,E15,-2,R1,E15,-2,KB,E15 KB,R1 KB,1.4,inhibition
R1,RDH6,-2,R1,RDH6,-2,KB,RDH6 KB,R1 KB,1.4,inhibition
RDH1,RDP22,-2,RDH1,RDP22,-2,KB,RDP22 KB,RDH1 KB,1.4,inhibition
RDH1,RPA1,-2,RDH1,RPA1,-2,KB,RPA1 KB,RDH1 KB,1.4,inhibition
RDH1,SCH24,-2,RDH1,SCH24,-2,KB,SCH24 KB,RDH1 KB,1.4,inhibition
RDH1,RDH6,-2,RDH1,RDH6,-2,KB,RDH6 KB,RDH1 KB,1.4,inhibition
BM13,RDP22,-2,BM13,RDP22,-2,KB,RDP22 KB,BM13 KB,1.4,inhibition
BM13,RDP27,-2,BM13,RDP27,-2,KB,RDP27 KB,BM13 KB,1.4,inhibition
BM13,BM16,-2,BM13,BM16,-2,KB,BM16 KB,BM13 KB,1.4,inhibition
BM13,SCH4,-2,BM13,SCH4,-2,KB,SCH4 KB,BM13 KB,1.4,inhibition
BM13,SCH11,-2,BM13,SCH11,-2,KB,SCH11 KB,BM13 KB,1.4,inhibition
BM1,RPA1,-2,BM1,RPA1,-2,KB,RPA1 KB,BM1 KB,1.4,inhibition
BM1,BM17,-2,BM1,BM17,-2,KB,BM17 KB,BM1 KB,1.4,inhibition
SCH4,BM23,-2,SCH4,BM23,-2,KB,BM23 KB,SCH4 KB,1.4,inhibition
RDH6,RDP27,-2,RDH6,RDP27,-2,KB,RDP27 KB,RDH6 KB,1.4,inhibition
RDH6,BM13,-2,RDH6,BM13,-2,KB,BM13 KB,RDH6 KB,1.4,inhibition
RP5H,BM1,-2,RP5H,BM1,-2,KB,BM1 KB,RP5H KB,1.4,inhibition
SCH11,RDP22,-2,SCH11,RDP22,-2,KB,RDP22 KB,SCH11 KB,1.4,inhibition
SCH11,E4,-2,SCH11,E4,-2,KB,E4 KB,SCH11 KB,1.4,inhibition
SCH11,SCH24,-2,SCH11,SCH24,-2,KB,SCH24 KB,SCH11 KB,1.4,inhibition
RCH20P,E5,-2,RCH20P,E5,-2,KB + FeCl3,E5 KB + FeCl3,RCH20P KB + FeCl3,1.4,inhibition
RCH20P,PAO1,-2,RCH20P,PAO1,-2,KB + FeCl3,PAO1 KB + FeCl3,RCH20P KB + FeCl3,1.4,inhibition
BM16,E5,-2,BM16,E5,-2,KB + FeCl3,E5 KB + FeCl3,BM16 KB + FeCl3,1.4,inhibition
BM16,PAO1,-2,BM16,PAO1,-2,KB + FeCl3,PAO1 KB + FeCl3,BM16 KB + FeCl3,1.4,inhibition
R1,RPE1,-2,R1,RPE1,-2,KB + FeCl3,RPE1 KB + FeCl3,R1 KB + FeCl3,1.4,inhibition
R1,PAO1,-2,R1,PAO1,-2,KB + FeCl3,PAO1 KB + FeCl3,R1 KB + FeCl3,1.4,inhibition
RDH1,PAO1,-2,RDH1,PAO1,-2,KB + FeCl3,PAO1 KB + FeCl3,RDH1 KB + FeCl3,1.4,inhibition
RDH1,PF5,-2,RDH1,PF5,-2,KB + FeCl3,PF5 KB + FeCl3,RDH1 KB + FeCl3,1.4,inhibition
RCH3,RPE1,-2,RCH3,RPE1,-2,KB + FeCl3,RPE1 KB + FeCl3,RCH3 KB + FeCl3,1.4,inhibition
RP5C,KT2442,-2,RP5C,KT2442,-2,KB + FeCl3,KT2442 KB + FeCl3,RP5C KB + FeCl3,1.4,inhibition
RP5C,E5,-2,RP5C,E5,-2,KB + FeCl3,E5 KB + FeCl3,RP5C KB + FeCl3,1.4,inhibition
BM21,PAO1,-2,BM21,PAO1,-2,KB + FeCl3,PAO1 KB + FeCl3,BM21 KB + FeCl3,1.4,inhibition
BM21,PF5,-2,BM21,PF5,-2,KB + FeCl3,PF5 KB + FeCl3,BM21 KB + FeCl3,1.4,inhibition
RCH25,PAO1,-2,RCH25,PAO1,-2,KB + FeCl3,PAO1 KB + FeCl3,RCH25 KB + FeCl3,1.4,inhibition
RCH25,PF5,-2,RCH25,PF5,-2,KB + FeCl3,PF5 KB + FeCl3,RCH25 KB + FeCl3,1.4,inhibition
RDH20,RDP22,-2,RDH20,RDP22,-2,KB + FeCl3,RDP22 KB + FeCl3,RDH20 KB + FeCl3,1.4,inhibition
RDH20,E5,-2,RDH20,E5,-2,KB + FeCl3,E5 KB + FeCl3,RDH20 KB + FeCl3,1.4,inhibition
RDH25,E5,-2,RDH25,E5,-2,KB + FeCl3,E5 KB + FeCl3,RDH25 KB + FeCl3,1.4,inhibition
RDH25,PAO1,-2,RDH25,PAO1,-2,KB + FeCl3,PAO1 KB + FeCl3,RDH25 KB + FeCl3,1.4,inhibition
RDH25,PF5,-2,RDH25,PF5,-2,KB + FeCl3,PF5 KB + FeCl3,RDH25 KB + FeCl3,1.4,inhibition
BM1,RPE1,-2,BM1,RPE1,-2,KB + FeCl3,RPE1 KB + FeCl3,BM1 KB + FeCl3,1.4,inhibition
SCH4,E5,-2,SCH4,E5,-2,KB + FeCl3,E5 KB + FeCl3,SCH4 KB + FeCl3,1.4,inhibition
BM25,PAO1,-2,BM25,PAO1,-2,KB + FeCl3,PAO1 KB + FeCl3,BM25 KB + FeCl3,1.4,inhibition
BM25,PF5,-2,BM25,PF5,-2,KB + FeCl3,PF5 KB + FeCl3,BM25 KB + FeCl3,1.4,inhibition
R23,RDP27,-2,R23,RDP27,-2,KB + FeCl3,RDP27 KB + FeCl3,R23 KB + FeCl3,1.4,inhibition
S20,E5,-2,S20,E5,-2,KB + FeCl3,E5 KB + FeCl3,S20 KB + FeCl3,1.4,inhibition
RP5H,KT2442,-2,RP5H,KT2442,-2,KB + FeCl3,KT2442 KB + FeCl3,RP5H KB + FeCl3,1.4,inhibition
RP5H,RPE1,-2,RP5H,RPE1,-2,KB + FeCl3,RPE1 KB + FeCl3,RP5H KB + FeCl3,1.4,inhibition
KT2442,RDP27,-1,KT2442,RDP27,-1,KB,RDP27 KB,KT2442 KB,1.2,inhibition
RDP22,BM17,-1,RDP22,BM17,-1,KB,BM17 KB,RDP22 KB,1.2,inhibition
E5,RPE1_RP5,-1,E5,RPE1_RP5,-1,KB,RPE1_RP5 KB,E5 KB,1.2,inhibition
E5,RPA1,-1,E5,RPA1,-1,KB,RPA1 KB,E5 KB,1.2,inhibition
PAO1,SH11,-1,PAO1,SH11,-1,KB,SH11 KB,PAO1 KB,1.2,inhibition
PAO1,RDH6,-1,PAO1,RDH6,-1,KB,RDH6 KB,PAO1 KB,1.2,inhibition
RPA1,KT2442,-1,RPA1,KT2442,-1,KB,KT2442 KB,RPA1 KB,1.2,inhibition
RPA1,RP5C,-1,RPA1,RP5C,-1,KB,RP5C KB,RPA1 KB,1.2,inhibition
RPA1,BM21,-1,RPA1,BM21,-1,KB,BM21 KB,RPA1 KB,1.2,inhibition
RPA1,SH11,-1,RPA1,SH11,-1,KB,SH11 KB,RPA1 KB,1.2,inhibition
BM7,RDP27,-1,BM7,RDP27,-1,KB,RDP27 KB,BM7 KB,1.2,inhibition
BM7,Z2,-1,BM7,Z2,-1,KB,Z2 KB,BM7 KB,1.2,inhibition
BM7,RCH3,-1,BM7,RCH3,-1,KB,RCH3 KB,BM7 KB,1.2,inhibition
BM7,RP5H,-1,BM7,RP5H,-1,KB,RP5H KB,BM7 KB,1.2,inhibition
BM12,SCH4,-1,BM12,SCH4,-1,KB,SCH4 KB,BM12 KB,1.2,inhibition
R23,BM7,-1,R23,BM7,-1,KB,BM7 KB,R23 KB,1.2,inhibition
R23,BM12,-1,R23,BM12,-1,KB,BM12 KB,R23 KB,1.2,inhibition
R23,BM25,-1,R23,BM25,-1,KB,BM25 KB,R23 KB,1.2,inhibition
R23,Z2,-1,R23,Z2,-1,KB,Z2 KB,R23 KB,1.2,inhibition
R23,RCH3,-1,R23,RCH3,-1,KB,RCH3 KB,R23 KB,1.2,inhibition
R23,RCH20P,-1,R23,RCH20P,-1,KB,RCH20P KB,R23 KB,1.2,inhibition
S20,RDP27,-1,S20,RDP27,-1,KB,RDP27 KB,S20 KB,1.2,inhibition
S20,RPA1,-1,S20,RPA1,-1,KB,RPA1 KB,S20 KB,1.2,inhibition
S20,BM25,-1,S20,BM25,-1,KB,BM25 KB,S20 KB,1.2,inhibition
S20,Z2,-1,S20,Z2,-1,KB,Z2 KB,S20 KB,1.2,inhibition
S20,RCH3,-1,S20,RCH3,-1,KB,RCH3 KB,S20 KB,1.2,inhibition
S20,RDH20,-1,S20,RDH20,-1,KB,RDH20 KB,S20 KB,1.2,inhibition
S20,RDH25,-1,S20,RDH25,-1,KB,RDH25 KB,S20 KB,1.2,inhibition
S20,RCH20P,-1,S20,RCH20P,-1,KB,RCH20P KB,S20 KB,1.2,inhibition
S20,R1,-1,S20,R1,-1,KB,R1 KB,S20 KB,1.2,inhibition
S20,RDH1,-1,S20,RDH1,-1,KB,RDH1 KB,S20 KB,1.2,inhibition
S20,RDH6,-1,S20,RDH6,-1,KB,RDH6 KB,S20 KB,1.2,inhibition
S20,RP5H,-1,S20,RP5H,-1,KB,RP5H KB,S20 KB,1.2,inhibition
BM17,E4,-1,BM17,E4,-1,KB,E4 KB,BM17 KB,1.2,inhibition
BM17,SH11,-1,BM17,SH11,-1,KB,SH11 KB,BM17 KB,1.2,inhibition
E15,RPE1_RP5,-1,E15,RPE1_RP5,-1,KB,RPE1_RP5 KB,E15 KB,1.2,inhibition
E15,E4,-1,E15,E4,-1,KB,E4 KB,E15 KB,1.2,inhibition
BM23,RDH20,-1,BM23,RDH20,-1,KB,RDH20 KB,BM23 KB,1.2,inhibition
BM23,RDH25,-1,BM23,RDH25,-1,KB,RDH25 KB,BM23 KB,1.2,inhibition
BM23,RDH6,-1,BM23,RDH6,-1,KB,RDH6 KB,BM23 KB,1.2,inhibition
BM23,RP5H,-1,BM23,RP5H,-1,KB,RP5H KB,BM23 KB,1.2,inhibition
E4,PAO1,-1,E4,PAO1,-1,KB,PAO1 KB,E4 KB,1.2,inhibition
E4,Pf5,-1,E4,Pf5,-1,KB,Pf5 KB,E4 KB,1.2,inhibition
Z2,RDP27,-1,Z2,RDP27,-1,KB,RDP27 KB,Z2 KB,1.2,inhibition
Z2,RP5C,-1,Z2,RP5C,-1,KB,RP5C KB,Z2 KB,1.2,inhibition
Z2,RCH20P,-1,Z2,RCH20P,-1,KB,RCH20P KB,Z2 KB,1.2,inhibition
Z2,RDH1,-1,Z2,RDH1,-1,KB,RDH1 KB,Z2 KB,1.2,inhibition
Z2,RDH6,-1,Z2,RDH6,-1,KB,RDH6 KB,Z2 KB,1.2,inhibition
RCH3,RDP27,-1,RCH3,RDP27,-1,KB,RDP27 KB,RCH3 KB,1.2,inhibition
RCH3,RPA1,-1,RCH3,RPA1,-1,KB,RPA1 KB,RCH3 KB,1.2,inhibition
RCH3,RDH6,-1,RCH3,RDH6,-1,KB,RDH6 KB,RCH3 KB,1.2,inhibition
RP5C,KT2442,-1,RP5C,KT2442,-1,KB,KT2442 KB,RP5C KB,1.2,inhibition
RP5C,RDP27,-1,RP5C,RDP27,-1,KB,RDP27 KB,RP5C KB,1.2,inhibition
RP5C,RCH20P,-1,RP5C,RCH20P,-1,KB,RCH20P KB,RP5C KB,1.2,inhibition
RP5C,RDH1,-1,RP5C,RDH1,-1,KB,RDH1 KB,RP5C KB,1.2,inhibition
BM21,KT2442,-1,BM21,KT2442,-1,KB,KT2442 KB,BM21 KB,1.2,inhibition
BM21,RDP22,-1,BM21,RDP22,-1,KB,RDP22 KB,BM21 KB,1.2,inhibition
BM21,E5,-1,BM21,E5,-1,KB,E5 KB,BM21 KB,1.2,inhibition
BM21,RPE1_RP5,-1,BM21,RPE1_RP5,-1,KB,RPE1_RP5 KB,BM21 KB,1.2,inhibition
RCH25,KT2442,-1,RCH25,KT2442,-1,KB,KT2442 KB,RCH25 KB,1.2,inhibition
RDH20,KT2442,-1,RDH20,KT2442,-1,KB,KT2442 KB,RDH20 KB,1.2,inhibition
RDH20,RDH25,-1,RDH20,RDH25,-1,KB,RDH25 KB,RDH20 KB,1.2,inhibition
RDH20,SCH24,-1,RDH20,SCH24,-1,KB,SCH24 KB,RDH20 KB,1.2,inhibition
RDH20,BM13,-1,RDH20,BM13,-1,KB,BM13 KB,RDH20 KB,1.2,inhibition
RDH20,RDH6,-1,RDH20,RDH6,-1,KB,RDH6 KB,RDH20 KB,1.2,inhibition
RDH20,SCH11,-1,RDH20,SCH11,-1,KB,SCH11 KB,RDH20 KB,1.2,inhibition
RDH25,E5,-1,RDH25,E5,-1,KB,E5 KB,RDH25 KB,1.2,inhibition
RDH25,SCH24,-1,RDH25,SCH24,-1,KB,SCH24 KB,RDH25 KB,1.2,inhibition
RDH25,SCH11,-1,RDH25,SCH11,-1,KB,SCH11 KB,RDH25 KB,1.2,inhibition
SH11,KT2442,-1,SH11,KT2442,-1,KB,KT2442 KB,SH11 KB,1.2,inhibition
SH11,SCH24,-1,SH11,SCH24,-1,KB,SCH24 KB,SH11 KB,1.2,inhibition
BM16,RPE1_RP5,-1,BM16,RPE1_RP5,-1,KB,RPE1_RP5 KB,BM16 KB,1.2,inhibition
BM16,RPA1,-1,BM16,RPA1,-1,KB,RPA1 KB,BM16 KB,1.2,inhibition
BM16,BM23,-1,BM16,BM23,-1,KB,BM23 KB,BM16 KB,1.2,inhibition
BM16,E4,-1,BM16,E4,-1,KB,E4 KB,BM16 KB,1.2,inhibition
BM16,BM13,-1,BM16,BM13,-1,KB,BM13 KB,BM16 KB,1.2,inhibition
BM16,RDH6,-1,BM16,RDH6,-1,KB,RDH6 KB,BM16 KB,1.2,inhibition
R1,RPA1,-1,R1,RPA1,-1,KB,RPA1 KB,R1 KB,1.2,inhibition
R1,BM13,-1,R1,BM13,-1,KB,BM13 KB,R1 KB,1.2,inhibition
BM13,BM17,-1,BM13,BM17,-1,KB,BM17 KB,BM13 KB,1.2,inhibition
BM13,E15,-1,BM13,E15,-1,KB,E15 KB,BM13 KB,1.2,inhibition
BM13,E4,-1,BM13,E4,-1,KB,E4 KB,BM13 KB,1.2,inhibition
BM13,RP5C,-1,BM13,RP5C,-1,KB,RP5C KB,BM13 KB,1.2,inhibition
BM13,RDH20,-1,BM13,RDH20,-1,KB,RDH20 KB,BM13 KB,1.2,inhibition
BM13,RDH25,-1,BM13,RDH25,-1,KB,RDH25 KB,BM13 KB,1.2,inhibition
BM13,RDH6,-1,BM13,RDH6,-1,KB,RDH6 KB,BM13 KB,1.2,inhibition
BM1,E4,-1,BM1,E4,-1,KB,E4 KB,BM1 KB,1.2,inhibition
BM1,BM13,-1,BM1,BM13,-1,KB,BM13 KB,BM1 KB,1.2,inhibition
BM1,RDH6,-1,BM1,RDH6,-1,KB,RDH6 KB,BM1 KB,1.2,inhibition
SCH4,RDP22,-1,SCH4,RDP22,-1,KB,RDP22 KB,SCH4 KB,1.2,inhibition
SCH4,BM17,-1,SCH4,BM17,-1,KB,BM17 KB,SCH4 KB,1.2,inhibition
SCH4,BM13,-1,SCH4,BM13,-1,KB,BM13 KB,SCH4 KB,1.2,inhibition
SCH4,RDH6,-1,SCH4,RDH6,-1,KB,RDH6 KB,SCH4 KB,1.2,inhibition
RDH6,RDP22,-1,RDH6,RDP22,-1,KB,RDP22 KB,RDH6 KB,1.2,inhibition
RP5H,KT2442,-1,RP5H,KT2442,-1,KB,KT2442 KB,RP5H KB,1.2,inhibition
RP5H,BM16,-1,RP5H,BM16,-1,KB,BM16 KB,RP5H KB,1.2,inhibition
SCH11,RPA1,-1,SCH11,RPA1,-1,KB,RPA1 KB,SCH11 KB,1.2,inhibition
SCH11,BM25,-1,SCH11,BM25,-1,KB,BM25 KB,SCH11 KB,1.2,inhibition
SCH11,RP5C,-1,SCH11,RP5C,-1,KB,RP5C KB,SCH11 KB,1.2,inhibition
RCH20P,RDP27,-1,RCH20P,RDP27,-1,KB + FeCl3,RDP27 KB + FeCl3,RCH20P KB + FeCl3,1.2,inhibition
RDH1,RDP27,-1,RDH1,RDP27,-1,KB + FeCl3,RDP27 KB + FeCl3,RDH1 KB + FeCl3,1.2,inhibition
RDH1,E5,-1,RDH1,E5,-1,KB + FeCl3,E5 KB + FeCl3,RDH1 KB + FeCl3,1.2,inhibition
RDH1,RPE1,-1,RDH1,RPE1,-1,KB + FeCl3,RPE1 KB + FeCl3,RDH1 KB + FeCl3,1.2,inhibition
BM17,KT2442,-1,BM17,KT2442,-1,KB + FeCl3,KT2442 KB + FeCl3,BM17 KB + FeCl3,1.2,inhibition
BM17,PAO1,-1,BM17,PAO1,-1,KB + FeCl3,PAO1 KB + FeCl3,BM17 KB + FeCl3,1.2,inhibition
BM17,PF5,-1,BM17,PF5,-1,KB + FeCl3,PF5 KB + FeCl3,BM17 KB + FeCl3,1.2,inhibition
E15,PAO1,-1,E15,PAO1,-1,KB + FeCl3,PAO1 KB + FeCl3,E15 KB + FeCl3,1.2,inhibition
E15,PF5,-1,E15,PF5,-1,KB + FeCl3,PF5 KB + FeCl3,E15 KB + FeCl3,1.2,inhibition
E4,PAO1,-1,E4,PAO1,-1,KB + FeCl3,PAO1 KB + FeCl3,E4 KB + FeCl3,1.2,inhibition
E4,PF5,-1,E4,PF5,-1,KB + FeCl3,PF5 KB + FeCl3,E4 KB + FeCl3,1.2,inhibition
Z2,KT2442,-1,Z2,KT2442,-1,KB + FeCl3,KT2442 KB + FeCl3,Z2 KB + FeCl3,1.2,inhibition
RDH20,RPE1,-1,RDH20,RPE1,-1,KB + FeCl3,RPE1 KB + FeCl3,RDH20 KB + FeCl3,1.2,inhibition
BM13,RPE1,-1,BM13,RPE1,-1,KB + FeCl3,RPE1 KB + FeCl3,BM13 KB + FeCl3,1.2,inhibition
BM7,KT2442,-1,BM7,KT2442,-1,KB + FeCl3,KT2442 KB + FeCl3,BM7 KB + FeCl3,1.2,inhibition
S20,KT2442,-1,S20,KT2442,-1,KB + FeCl3,KT2442 KB + FeCl3,S20 KB + FeCl3,1.2,inhibition
RPA1,RPE1,-1,RPA1,RPE1,-1,KB + FeCl3,RPE1 KB + FeCl3,RPA1 KB + FeCl3,1.2,inhibition
RPA1,PAO1,-1,RPA1,PAO1,-1,KB + FeCl3,PAO1 KB + FeCl3,RPA1 KB + FeCl3,1.2,inhibition
RPA1,PF5,-1,RPA1,PF5,-1,KB + FeCl3,PF5 KB + FeCl3,RPA1 KB + FeCl3,1.2,inhibition
RDP22,RPE1,-1,RDP22,RPE1,-1,KB + FeCl3,RPE1 KB + FeCl3,RDP22 KB + FeCl3,1.2,inhibition
RDP27,PAO1,-1,RDP27,PAO1,-1,KB + FeCl3,PAO1 KB + FeCl3,RDP27 KB + FeCl3,1.2,inhibition
RDP27,PF5,-1,RDP27,PF5,-1,KB + FeCl3,PF5 KB + FeCl3,RDP27 KB + FeCl3,1.2,inhibition
RP5H,RDP27,-1,RP5H,RDP27,-1,KB + FeCl3,RDP27 KB + FeCl3,RP5H KB + FeCl3,1.2,inhibition
BM12,RDH20,1,BM12,RDH20,1,KB,RDH20 KB,BM12 KB,1.2,stimulation
BM17,SCH11,1,BM17,SCH11,1,KB,SCH11 KB,BM17 KB,1.2,stimulation
RP5C,RDH20,1,RP5C,RDH20,1,KB,RDH20 KB,RP5C KB,1.2,stimulation
RP5C,RDH25,1,RP5C,RDH25,1,KB,RDH25 KB,RP5C KB,1.2,stimulation
RDH20,BM12,1,RDH20,BM12,1,KB,BM12 KB,RDH20 KB,1.2,stimulation
RDH20,BM25,1,RDH20,BM25,1,KB,BM25 KB,RDH20 KB,1.2,stimulation
RDH25,BM12,1,RDH25,BM12,1,KB,BM12 KB,RDH25 KB,1.2,stimulation
RDH25,R23,1,RDH25,R23,1,KB,R23 KB,RDH25 KB,1.2,stimulation
RDH25,S20,1,RDH25,S20,1,KB,S20 KB,RDH25 KB,1.2,stimulation
RDH25,Z2,1,RDH25,Z2,1,KB,Z2 KB,RDH25 KB,1.2,stimulation
RDH25,RCH3,1,RDH25,RCH3,1,KB,RCH3 KB,RDH25 KB,1.2,stimulation
SCH24,RDP22,1,SCH24,RDP22,1,KB,RDP22 KB,SCH24 KB,1.2,stimulation
SCH24,Z2,1,SCH24,Z2,1,KB,Z2 KB,SCH24 KB,1.2,stimulation
BM13,BM12,1,BM13,BM12,1,KB,BM12 KB,BM13 KB,1.2,stimulation
SCH4,BM25,1,SCH4,BM25,1,KB,BM25 KB,SCH4 KB,1.2,stimulation
SCH4,S20,1,SCH4,S20,1,KB,S20 KB,SCH4 KB,1.2,stimulation
RDH6,S20,1,RDH6,S20,1,KB,S20 KB,RDH6 KB,1.2,stimulation
BM17,RDP22,1,BM17,RDP22,1,KB + FeCl3,RDP22 KB + FeCl3,BM17 KB + FeCl3,1.2,stimulation
RDH20,RDP27,1,RDH20,RDP27,1,KB + FeCl3,RDP27 KB + FeCl3,RDH20 KB + FeCl3,1.2,stimulation
RDH25,RDP22,1,RDH25,RDP22,1,KB + FeCl3,RDP22 KB + FeCl3,RDH25 KB + FeCl3,1.2,stimulation
SCH4,RPE1,1,SCH4,RPE1,1,KB + FeCl3,RPE1 KB + FeCl3,SCH4 KB + FeCl3,1.2,stimulation
RPA1,RDP22,1,RPA1,RDP22,1,KB + FeCl3,RDP22 KB + FeCl3,RPA1 KB + FeCl3,1.2,stimulation
RDP22,BM1,2,RDP22,BM1,2,KB,BM1 KB,RDP22 KB,1.4,stimulation
BM25,RDP22,2,BM25,RDP22,2,KB,RDP22 KB,BM25 KB,1.4,stimulation
R23,RDH20,2,R23,RDH20,2,KB,RDH20 KB,R23 KB,1.4,stimulation
R23,RDH25,2,R23,RDH25,2,KB,RDH25 KB,R23 KB,1.4,stimulation
S20,RDP22,2,S20,RDP22,2,KB,RDP22 KB,S20 KB,1.4,stimulation
E15,SCH11,2,E15,SCH11,2,KB,SCH11 KB,E15 KB,1.4,stimulation
BM23,BM16,2,BM23,BM16,2,KB,BM16 KB,BM23 KB,1.4,stimulation
E4,RPE1_RP5,2,E4,RPE1_RP5,2,KB,RPE1_RP5 KB,E4 KB,1.4,stimulation
Z2,BM17,2,Z2,BM17,2,KB,BM17 KB,Z2 KB,1.4,stimulation
Z2,E15,2,Z2,E15,2,KB,E15 KB,Z2 KB,1.4,stimulation
Z2,BM23,2,Z2,BM23,2,KB,BM23 KB,Z2 KB,1.4,stimulation
Z2,BM13,2,Z2,BM13,2,KB,BM13 KB,Z2 KB,1.4,stimulation
RCH3,RDH20,2,RCH3,RDH20,2,KB,RDH20 KB,RCH3 KB,1.4,stimulation
RCH3,RDH25,2,RCH3,RDH25,2,KB,RDH25 KB,RCH3 KB,1.4,stimulation
RP5C,BM13,2,RP5C,BM13,2,KB,BM13 KB,RP5C KB,1.4,stimulation
RCH25,RDH20,2,RCH25,RDH20,2,KB,RDH20 KB,RCH25 KB,1.4,stimulation
RCH25,RDH25,2,RCH25,RDH25,2,KB,RDH25 KB,RCH25 KB,1.4,stimulation
RDH25,RDP22,2,RDH25,RDP22,2,KB,RDP22 KB,RDH25 KB,1.4,stimulation
RDH25,BM21,2,RDH25,BM21,2,KB,BM21 KB,RDH25 KB,1.4,stimulation
RDH25,RCH25,2,RDH25,RCH25,2,KB,RCH25 KB,RDH25 KB,1.4,stimulation
SCH24,R23,2,SCH24,R23,2,KB,R23 KB,SCH24 KB,1.4,stimulation
SCH24,S20,2,SCH24,S20,2,KB,S20 KB,SCH24 KB,1.4,stimulation
SCH24,E4,2,SCH24,E4,2,KB,E4 KB,SCH24 KB,1.4,stimulation
SCH24,RCH3,2,SCH24,RCH3,2,KB,RCH3 KB,SCH24 KB,1.4,stimulation
SCH24,RDH6,2,SCH24,RDH6,2,KB,RDH6 KB,SCH24 KB,1.4,stimulation
BM13,S20,2,BM13,S20,2,KB,S20 KB,BM13 KB,1.4,stimulation
BM13,Z2,2,BM13,Z2,2,KB,Z2 KB,BM13 KB,1.4,stimulation
BM13,RCH3,2,BM13,RCH3,2,KB,RCH3 KB,BM13 KB,1.4,stimulation
BM1,S20,2,BM1,S20,2,KB,S20 KB,BM1 KB,1.4,stimulation
BM1,R1,2,BM1,R1,2,KB,R1 KB,BM1 KB,1.4,stimulation
SCH4,R1,2,SCH4,R1,2,KB,R1 KB,SCH4 KB,1.4,stimulation
RDH6,Z2,2,RDH6,Z2,2,KB,Z2 KB,RDH6 KB,1.4,stimulation
RDH6,RCH3,2,RDH6,RCH3,2,KB,RCH3 KB,RDH6 KB,1.4,stimulation
RDH6,RP5C,2,RDH6,RP5C,2,KB,RP5C KB,RDH6 KB,1.4,stimulation
RP5H,SCH4,2,RP5H,SCH4,2,KB,SCH4 KB,RP5H KB,1.4,stimulation
RP5C,RDP22,2,RP5C,RDP22,2,KB + FeCl3,RDP22 KB + FeCl3,RP5C KB + FeCl3,1.4,stimulation
RDH25,KT2442,2,RDH25,KT2442,2,KB + FeCl3,KT2442 KB + FeCl3,RDH25 KB + FeCl3,1.4,stimulation
RDP27,RDP22,2,RDP27,RDP22,2,KB + FeCl3,RDP22 KB + FeCl3,RDP27 KB + FeCl3,1.4,stimulation
BM7,BM13,3,BM7,BM13,3,KB,BM13 KB,BM7 KB,1.6,stimulation
BM25,RDP27,3,BM25,RDP27,3,KB,RDP27 KB,BM25 KB,1.6,stimulation
E15,SCH4,3,E15,SCH4,3,KB,SCH4 KB,E15 KB,1.6,stimulation
E4,RDP27,3,E4,RDP27,3,KB,RDP27 KB,E4 KB,1.6,stimulation
E4,E5,3,E4,E5,3,KB,E5 KB,E4 KB,1.6,stimulation
RP5C,S20,3,RP5C,S20,3,KB,S20 KB,RP5C KB,1.6,stimulation
RDH25,RDP27,3,RDH25,RDP27,3,KB,RDP27 KB,RDH25 KB,1.6,stimulation
RDH25,BM25,3,RDH25,BM25,3,KB,BM25 KB,RDH25 KB,1.6,stimulation
RDH25,R1,3,RDH25,R1,3,KB,R1 KB,RDH25 KB,1.6,stimulation
SCH24,RDP27,3,SCH24,RDP27,3,KB,RDP27 KB,SCH24 KB,1.6,stimulation
SCH24,R1,3,SCH24,R1,3,KB,R1 KB,SCH24 KB,1.6,stimulation
BM1,BM12,3,BM1,BM12,3,KB,BM12 KB,BM1 KB,1.6,stimulation
BM1,BM25,3,BM1,BM25,3,KB,BM25 KB,BM1 KB,1.6,stimulation
BM1,Z2,3,BM1,Z2,3,KB,Z2 KB,BM1 KB,1.6,stimulation
BM1,RCH3,3,BM1,RCH3,3,KB,RCH3 KB,BM1 KB,1.6,stimulation
SCH4,R23,3,SCH4,R23,3,KB,R23 KB,SCH4 KB,1.6,stimulation
RDH25,RDP27,3,RDH25,RDP27,3,KB + FeCl3,RDP27 KB + FeCl3,RDH25 KB + FeCl3,1.6,stimulation
BM7,RDP22,3,BM7,RDP22,3,KB + FeCl3,RDP22 KB + FeCl3,BM7 KB + FeCl3,1.6,stimulation
RP5C,BM1,4,RP5C,BM1,4,KB,BM1 KB,RP5C KB,1.8,stimulation
RCH25,BM13,4,RCH25,BM13,4,KB,BM13 KB,RCH25 KB,1.8,stimulation
R1,BM23,4,R1,BM23,4,KB,BM23 KB,R1 KB,1.8,stimulation
SCH4,RDH25,4,SCH4,RDH25,4,KB,RDH25 KB,SCH4 KB,1.8,stimulation
SCH11,RDH20,4,SCH11,RDH20,4,KB,RDH20 KB,SCH11 KB,1.8,stimulation
SCH11,RDH25,4,SCH11,RDH25,4,KB,RDH25 KB,SCH11 KB,1.8,stimulation
RDP22,RPE1_RP5,5,RDP22,RPE1_RP5,5,KB,RPE1_RP5 KB,RDP22 KB,2,stimulation
RDP22,SCH11,5,RDP22,SCH11,5,KB,SCH11 KB,RDP22 KB,2,stimulation
SCH24,BM12,5,SCH24,BM12,5,KB,BM12 KB,SCH24 KB,2,stimulation
BM1,BM21,5,BM1,BM21,5,KB,BM21 KB,BM1 KB,2,stimulation
BM1,RCH25,5,BM1,RCH25,5,KB,RCH25 KB,BM1 KB,2,stimulation
SCH4,RDH20,5,SCH4,RDH20,5,KB,RDH20 KB,SCH4 KB,2,stimulation
E4,RDP22,5,E4,RDP22,5,KB + FeCl3,RDP22 KB + FeCl3,E4 KB + FeCl3,2,stimulation
E4,RDP27,5,E4,RDP27,5,KB + FeCl3,RDP27 KB + FeCl3,E4 KB + FeCl3,2,stimulation
E4,RPE1,5,E4,RPE1,5,KB + FeCl3,RPE1 KB + FeCl3,E4 KB + FeCl3,2,stimulation
BM12,RDP22,5,BM12,RDP22,5,KB + FeCl3,RDP22 KB + FeCl3,BM12 KB + FeCl3,2,stimulation
RDP22,BM21,6,RDP22,BM21,6,KB,BM21 KB,RDP22 KB,2.2,stimulation
RDP22,RCH25,6,RDP22,RCH25,6,KB,RCH25 KB,RDP22 KB,2.2,stimulation
RDH25,RPE1,6,RDH25,RPE1,6,KB + FeCl3,RPE1 KB + FeCl3,RDH25 KB + FeCl3,2.2,stimulation
RDP22,RPA1,7,RDP22,RPA1,7,KB,RPA1 KB,RDP22 KB,2.4,stimulation
RP5C,RDP22,7,RP5C,RDP22,7,KB,RDP22 KB,RP5C KB,2.4,stimulation
S20,RDP22,7,S20,RDP22,7,KB + FeCl3,RDP22 KB + FeCl3,S20 KB + FeCl3,2.4,stimulation
RDP22,E5,7,RDP22,E5,7,KB + FeCl3,E5 KB + FeCl3,RDP22 KB + FeCl3,2.4,stimulation
KT2442,RDP22,8,KT2442,RDP22,8,KB + FeCl3,RDP22 KB + FeCl3,KT2442 KB + FeCl3,2.6,stimulation
R23,RDP22,8,R23,RDP22,8,KB + FeCl3,RDP22 KB + FeCl3,R23 KB + FeCl3,2.6,stimulation
RDP22,E5,10,RDP22,E5,10,KB,E5 KB,RDP22 KB,3,stimulation
RDP22,PAO1,10,RDP22,PAO1,10,KB,PAO1 KB,RDP22 KB,3,stimulation
RDP22,Pf5,10,RDP22,Pf5,10,KB,Pf5 KB,RDP22 KB,3,stimulation
RDP22,RDH20,10,RDP22,RDH20,10,KB,RDH20 KB,RDP22 KB,3,stimulation
BM7,BM21,10,BM7,BM21,10,KB,BM21 KB,BM7 KB,3,stimulation
BM7,RCH25,10,BM7,RCH25,10,KB,RCH25 KB,BM7 KB,3,stimulation
Z2,RDP22,10,Z2,RDP22,10,KB + FeCl3,RDP22 KB + FeCl3,Z2 KB + FeCl3,3,stimulation